Real_TiB,MLP_TiB,LSTM_TiB,GRU_TiB,TFKAN_TiB,PINN_TiB,EXP_TiB,ARIMA_TiB,PROPHET_TiB,MOE_TiB
352.54584,352.22885,350.3329,352.90094,351.95596,350.77167,351.78336,351.8914,373.2078217210898,351.66928
355.04102,354.9152,349.98035,356.09277,355.16302,350.9646,351.94937,349.2526,373.2974074510166,353.46246
357.47327,357.37595,350.11765,358.90417,358.318,351.63113,352.11536,347.76007,373.38699318094353,355.80737
358.58133,358.29572,350.2324,360.0989,360.7719,352.266,352.28137,348.15952,373.4765789108704,357.55542
355.98865,356.52573,350.09204,359.2871,359.40686,352.66537,352.44736,350.51764,373.56616464079724,356.05002
354.11386,354.51205,350.04233,357.25906,357.46475,353.07693,352.61337,353.1313,373.6557503707241,354.80432
353.69397,352.6434,350.4403,356.30103,356.10965,353.7317,352.77936,354.1915,373.74533610065095,354.2645
355.13724,354.46674,351.31976,357.62283,357.89362,354.67255,352.94537,353.0202,373.8349218305778,355.43915
357.72018,356.80847,352.47516,360.7177,361.6879,355.65982,353.11136,350.62454,373.92450756050465,358.20908
361.21896,358.8615,353.45505,363.20264,364.58292,356.49084,353.27737,348.92508,374.0140932904315,361.2577
364.82343,359.76468,353.86386,363.36844,366.09003,356.79977,353.44336,349.3187,374.10367902035836,362.42023
363.05136,358.09265,353.3595,364.55002,364.41144,356.4171,353.60938,351.62897,374.1932647502852,360.16238
360.82916,356.01468,352.39517,360.2525,362.219,355.58994,353.77536,354.24078,374.28285048021206,357.98773
360.77692,355.5329,351.628,357.29028,360.82614,354.68063,353.94138,355.31433,374.3724362101389,357.22552
358.61304,356.5155,351.27655,357.79684,361.1533,354.05038,354.10736,354.16644,374.46202194006577,357.29614
359.95895,357.92523,351.5553,358.47528,362.20508,354.03885,354.27338,351.78235,374.5516076699926,358.19116
361.9288,360.25464,352.20367,362.09506,364.1105,354.46338,354.43936,350.07425,374.6411933999195,360.37762
362.74133,361.71735,352.8464,364.49353,365.0194,355.05402,354.60538,350.44495,374.7307791298463,361.3937
360.5786,360.5323,353.38577,365.06934,364.1591,355.66513,354.77136,352.73523,374.8203648597732,360.02448
359.4772,359.02896,354.14062,365.03568,363.15344,356.4389,354.93738,355.3449,374.90995058970003,359.03857
359.433,358.36658,355.26834,365.3092,363.22794,357.43005,355.10336,356.43573,374.99953631962694,359.2992
360.61093,359.54456,356.6411,367.10858,364.63773,358.49017,355.26938,355.31155,375.0891220495538,360.64758
363.18253,361.61954,358.0885,369.3077,367.62393,359.5186,355.43536,352.93976,375.17870777948065,363.3423
365.33112,363.4832,359.27686,371.58664,370.03296,360.40793,355.60138,351.22336,375.2682935094075,364.5332
366.2207,364.87527,359.9741,372.01508,371.0188,360.85208,355.76736,351.5714,375.35787923933435,365.237
368.694,363.87222,360.16025,371.14386,369.41974,360.84863,355.93338,353.84167,375.4474649692612,365.6107
366.919,362.4183,359.80472,370.26883,368.17966,360.37076,356.09937,356.44904,375.53705069918806,366.2646
368.62177,362.43314,359.38727,369.07462,367.62393,359.6727,356.26538,357.55695,375.6266364291149,366.55353
368.89346,363.7052,358.92072,369.35257,368.75363,358.79547,356.43137,356.4564,375.71622215904176,366.62238
367.6019,365.67212,358.57764,369.2174,370.52023,357.91028,356.59738,354.09705,375.8058078889686,365.8649
367.00635,367.0751,358.55267,369.41495,371.1937,357.31134,356.76337,352.37256,375.8953936188955,365.62268
365.5504,368.49042,358.9414,370.4787,370.5356,357.18613,356.92938,352.6981,375.9849793488224,365.92786
362.93674,368.32706,359.84848,371.54666,369.2475,357.6173,357.09537,354.94833,376.07456507874923,367.10962
361.97522,367.7718,361.25134,372.0717,368.71075,358.67462,357.26138,357.55316,376.1641508086761,369.76218
362.50177,368.50977,362.934,373.1991,370.16095,359.89465,357.42737,358.67795,376.25373653860294,372.107
363.29224,370.0318,364.74875,375.72858,372.50085,361.08737,357.59338,357.60098,376.3433222685298,373.45862
369.01373,372.29636,366.57745,378.42618,375.52994,362.19086,357.75937,355.2542,376.43290799845664,375.2269
375.06094,373.47906,367.90887,381.53732,377.77875,363.13345,357.92538,353.52188,376.5224937283835,376.50195
382.78864,373.76385,368.0986,382.83026,378.77997,363.542,358.09137,353.82504,376.61207945831035,376.95862
381.57538,373.511,366.36612,382.45358,379.39615,362.4852,358.2574,356.05518,376.7016651882372,377.07272
382.28986,373.11224,363.26166,380.02808,377.53125,359.90527,358.42337,358.65732,376.79125091816405,376.71066
376.7342,372.36014,359.46738,374.90967,374.62997,356.1562,358.5894,359.79877,376.8808366480909,375.9151
372.96555,371.83887,356.1299,366.29907,370.75964,352.35147,358.75537,358.74533,376.97042237801776,372.92154
374.2621,371.49954,354.01477,366.48773,368.93347,349.74515,358.9214,356.41125,377.0600081079446,370.8374
380.75894,372.66824,352.87854,369.17413,370.2849,348.56613,359.08737,354.67126,377.14959383787146,372.22327
383.48813,374.0125,351.67987,373.4286,372.87674,348.04694,359.25336,354.9522,377.2391795677983,374.65808
381.89093,374.09656,349.96887,376.4375,374.3225,347.63983,359.41937,357.16226,377.32876529772517,376.22958
375.66895,372.4902,348.14975,376.50107,373.08606,347.3934,359.58536,359.7615,377.418351027652,376.53082
373.4183,370.17984,347.03754,372.9873,369.68445,347.92676,359.75137,360.9194,377.5079367575789,375.8209
368.41418,369.35913,346.90594,372.75302,365.7967,349.05582,359.91736,359.8894,377.5975224875057,374.0654
369.74243,369.495,347.6873,372.31866,365.7812,350.38702,360.08337,357.56815,377.6871082174326,373.17477
371.36353,370.1602,349.00934,373.83853,369.07196,351.65063,360.24936,355.82077,377.77669394735943,374.4998
375.36133,372.11453,350.38943,376.18866,372.16516,352.8025,360.41537,356.07965,377.8662796772863,376.25726
374.9327,371.59323,351.30734,378.6689,373.3273,353.76724,360.58136,358.26953,377.9558654072132,377.30273
375.25906,369.62454,351.74576,376.87354,371.9671,354.60153,360.74738,360.8657,378.04545113714005,377.51553
380.73227,368.34113,351.75693,374.57208,370.00052,355.39053,360.91336,362.03986,378.1350368670669,377.49744
384.30035,368.6492,350.86124,375.41415,369.92505,355.83963,361.07938,361.03323,378.22462259699375,377.53683
389.38522,370.2947,348.73737,375.27686,373.0868,355.26038,361.24536,358.72495,378.3142083269206,377.6669
398.2732,372.8562,345.0714,373.40283,375.7702,353.4355,361.41138,356.97037,378.4037940568475,377.95737
391.89786,373.90244,339.26764,370.9184,376.84158,349.5928,361.57736,357.2073,378.49337978677437,378.22986
387.561,373.33936,332.49872,363.96292,371.6151,344.56476,361.74338,359.37704,378.5829655167012,377.73306
376.4695,369.29755,326.61288,354.97333,366.0996,339.7011,361.90936,361.9699,378.6725512466281,375.1607
373.9684,365.8989,322.8037,352.61795,359.64032,337.0545,362.07538,363.16013,378.7621369765549,368.7958
371.5952,365.27084,321.1175,353.33948,358.49246,337.29483,362.24136,362.17682,378.8517227064818,368.25696
374.3255,367.14566,320.96103,354.40594,361.19418,338.99417,362.40738,359.8816,378.94130843640863,371.83237
383.09683,370.79852,321.7084,356.71893,365.93225,340.57736,362.57336,358.12003,379.0308941663355,375.9029
385.3624,370.89697,321.97577,358.10065,366.6723,341.82242,362.73938,358.3352,379.12047989626234,376.62277
383.53888,370.03897,321.04797,359.19846,366.44754,342.79822,362.90536,360.48474,379.2100656261892,377.47357
382.05066,365.94708,319.2387,361.23373,362.10608,343.65735,363.07138,363.07413,379.29965135611604,376.66406
375.96387,364.16656,317.19287,360.36548,360.03473,344.44745,363.23737,364.2802,379.3892370860429,375.69238
376.18985,362.59296,315.8496,358.13898,357.62747,345.30103,363.40338,363.32016,379.47882281596975,372.31787
376.42242,362.90936,315.30334,359.37885,360.86282,346.21252,363.56937,361.03812,379.5684085458966,375.6841
380.84152,366.1997,315.35272,361.83237,365.139,347.11362,363.73538,359.26978,379.65799427582346,378.2381
384.08844,367.39288,315.20944,365.42154,365.8553,347.93597,363.90137,359.46335,379.7475800057503,378.68857
381.00293,365.2614,314.30084,365.56293,364.94952,348.35046,364.06738,361.59265,379.83716573567716,379.0602
374.68158,361.3976,312.97302,363.41296,361.89493,348.44745,364.23337,364.17838,379.926751465604,378.84808
376.12085,359.573,312.14145,360.8585,358.57773,348.83676,364.39938,365.40012,380.01633719553087,377.84097
374.4285,359.6897,311.72256,362.3689,358.72757,349.58163,364.56537,364.46326,380.1059229254577,378.1805
377.2061,360.46234,311.69757,363.6415,360.06656,350.58862,364.73138,362.19452,380.1955086553846,378.60065
386.98404,362.90543,311.65027,365.8382,362.32608,351.5752,364.89737,360.41965,380.2850943853114,379.18863
387.87915,363.66696,310.3387,368.03223,361.7685,351.98843,365.0634,360.5917,380.3746801152383,379.26807
384.0174,361.903,307.43945,369.53857,360.7058,351.5498,365.22937,362.70078,380.4642658451652,379.4413
382.13138,357.25082,303.97546,371.4197,355.9426,350.61377,365.3954,365.28268,380.55385157509204,378.193
376.47882,354.7708,300.96646,368.78162,353.43335,349.61554,365.56137,366.51987,380.6434373050189,376.7695
380.70544,354.37845,299.2798,368.01392,351.5482,349.44266,365.7274,365.6061,380.73302303494575,374.69897
383.55865,357.4239,298.23978,371.80414,356.62045,349.78702,365.89337,363.35077,380.8226087648726,377.66217
385.3658,360.43484,297.29425,373.62296,360.53836,350.18622,366.0594,361.56955,380.91219449479945,379.27954
386.1952,361.00928,295.89014,371.7548,362.03738,350.4103,366.22537,361.72034,381.0017802247263,379.98172
384.11313,359.32083,294.034,368.76913,359.16254,350.3863,366.3914,363.80908,381.09136595465316,379.95154
376.84003,354.94656,292.23358,365.95328,355.09872,350.38266,366.55737,366.387,381.18095168458,379.0933
375.66455,351.24188,291.48398,363.65878,351.0664,351.12158,366.7234,367.6394,381.27053741450686,377.13654
375.11978,353.4057,291.72147,363.6831,353.96802,352.33322,366.88937,366.74872,381.3601231444337,379.39282
380.9519,355.48032,292.69193,364.91968,356.07108,353.54028,367.0554,364.5069,381.44970887436057,380.17795
377.13037,358.81622,293.43967,367.65607,360.58524,354.61987,367.22137,362.71957,381.5392946042874,380.99872
373.83942,360.39716,294.13684,368.0223,360.41837,355.61203,367.3874,362.84915,381.6288803342143,381.20093
370.60025,356.72366,295.07318,367.15732,357.19196,356.59174,367.55338,364.91763,381.7184660641411,381.21805
368.08542,353.26907,296.36575,366.86542,353.81375,357.58087,367.7194,367.49133,381.808051794068,381.28854
373.1904,351.16705,297.98355,367.0138,352.36215,358.593,367.88538,368.7588,381.89763752399483,381.43192
375.25668,353.53293,299.39835,368.5631,356.0154,359.52283,368.0514,367.89105,381.9872232539217,381.78738
382.0597,356.5665,300.22675,369.34717,361.53616,360.39554,368.21738,365.6629,382.07680898384854,381.98486
385.1422,359.04633,299.78802,370.40015,363.83765,361.08618,368.3834,363.86963,382.1663947137754,382.07117
385.58923,358.11475,297.59534,370.578,361.5885,360.65063,368.54938,363.97824,382.25598044370224,382.13098
376.53732,354.2321,294.0238,367.66724,358.78577,359.13174,368.7154,366.0264,382.3455661736291,382.18594
371.39642,350.08902,290.53928,361.40933,352.69266,357.31308,368.88138,368.59573,382.435151903556,382.02515
