Actual_TiB,MLP_TiB,LSTM_TiB,GRU_TiB,PINN_TiB,TFKAN_TiB,ETS_TiB,PROPHET_TiB,MOE_TiB
371.8080710307693,352.2288456659315,350.3328655462263,352.9009142618177,350.77165700006464,351.9559704761503,351.7877027166584,362.3981666099105,351.6692810058594
363.5015582791529,354.91519064712503,349.9803497295377,356.0927495460508,350.96459520864465,355.1630179386137,351.9580396458109,362.2163054869861,353.46246337890625
354.8116244329138,357.3759393196104,350.11763186264017,358.9041547279356,351.631129096031,358.31798262405374,352.1283765749634,361.9748993794512,355.807373046875
348.92146834591387,358.2956966857908,350.2323743801115,360.098880718231,352.2659979562757,360.771901081085,352.29871350411594,361.743565529525,357.555419921875
348.2533568390646,356.5257248382566,350.0920366744993,359.2870697479246,352.6653899650572,359.4068684082029,352.4690504332684,361.4605570885922,356.0500183105469
348.3691346971321,354.5120508174894,350.0423218708036,357.25905699539163,353.07694406318643,357.464754055023,352.63938736242096,361.0591969647231,354.8043212890625
348.1462719212284,352.64340729522684,350.4403053026197,356.30102057266214,353.7316998939512,356.1096367340086,352.80972429157345,360.61049438104567,354.2644958496094
343.3509352039547,354.46671671676614,351.3197437624929,357.6228146057127,354.67253966140726,357.8936190109251,352.980061220726,360.30426528256567,355.43914794921875
340.05829811375617,356.80848021316507,352.4751682381628,360.7176732521055,355.65981573867776,361.68789763259866,353.15039814987847,360.26818114104304,358.2090759277344
337.2262988542204,358.86152071762064,353.4550289611814,363.20259661483743,356.4908542137144,364.5829200248716,353.320735079031,360.4092909657,361.2576904296875
334.7236767155123,359.76466269302347,353.86386246490457,363.3683957557676,356.7997655372617,366.0900220375059,353.4910720081835,360.459362013777,362.4202270507813
336.1111129508352,358.0926560859678,353.359476755142,364.5499619941709,356.4171318511961,364.4114446144102,353.66140893733603,360.20768191161096,360.1623840332031
338.09266520384693,356.0146817665098,352.3951656322477,360.2524823646543,355.5899271469114,362.218995044708,353.8317458664885,359.70760164387514,357.9877319335937
341.11537643102935,355.532896469116,351.62797773885706,357.2902574043272,354.6806380252836,360.826157520294,354.00208279564106,359.24969232653854,357.2255249023437
341.2342556254005,356.5154900054929,351.2765407066343,357.79680628585794,354.05040092277505,361.1532830696104,354.17241972479354,359.11103909875135,357.296142578125
339.60907066008093,357.92522425460794,351.55527869868257,358.47522635269144,354.0388619403837,362.20508475112894,354.342756653946,359.3112957508393,358.191162109375
339.6039204788399,360.254624317169,352.2036704521177,362.0950211982725,354.46337623405435,364.1105117301939,354.51309358309857,359.6114597863372,360.3776245117188
342.70615050243185,361.71734614181497,352.84640986728647,364.49348540115335,355.0540322761533,365.01942343521097,354.68343051225105,359.7645662705817,361.3937072753906
345.67958053713704,360.5322675209043,353.3857752780912,365.0692948799131,355.6651381950376,364.159089992523,354.8537674414036,359.78054247387155,360.02447509765625
348.0782756567936,359.0289458732603,354.1406335334776,365.0356139640806,356.4389214019773,363.1534289817808,355.0241043705561,359.9410797849031,359.03857421875
348.8920916495848,358.36656517791727,355.2683305244444,365.3091506462095,357.43005890655496,363.2279271583555,355.1944412997086,360.53015556808447,359.2991943359375
345.8462610752325,359.5445379714964,356.64109701919534,367.1085328559873,358.4901794891355,364.6377267341612,355.3647782288611,361.5207154711792,360.6475830078125
343.3763337768612,361.6195420722959,358.0884894828794,369.3076467018125,359.51860232162454,367.6239461402891,355.53511515801364,362.5162528806008,363.34228515625
342.30717161437514,363.4831866722105,359.276841114044,371.58657736587503,360.40794367599466,370.0329598884581,355.7054520871661,363.024488314876,364.533203125
343.21388345584296,364.8752707939146,359.9740781288145,372.0150231819151,360.85209078598,371.0187921028135,355.87578901631866,362.8388710225161,365.2369995117188
345.6505659641695,363.87222380447366,360.1602286796568,371.143799732208,360.8486566047666,369.41972632217386,356.04612594547115,362.2002592853222,365.6106872558594
348.0258094468155,362.4182948570249,359.80472369003274,370.2687615852354,360.37077612686136,368.1796578865049,356.2164628746237,361.6020431973597,366.26458740234375
349.1079183281403,362.4331378440855,359.3872746925352,369.0745725135801,359.67271323013284,367.6239346961973,356.38679980377617,361.4118900907577,366.5535278320313
346.5759860854597,363.7051820259092,358.9206952552793,369.3525228004453,358.79549069213846,368.7536191444395,356.5571367329287,361.6306794284767,366.6223754882813
344.74516360135743,365.6721162300108,358.5776366691587,369.2173528175352,357.9102935295103,370.52023024368265,356.7274736620812,361.9684275989736,365.8648986816406
344.3351065912285,367.0750989418028,358.5526570777891,369.4149083595274,357.3113436203001,371.1936997871397,356.89781059123374,362.12978737241775,365.6226806640625
345.7445535664444,368.49040503311136,358.94140476989725,370.4786729316709,357.1861342887876,370.535609195709,357.0681475203862,362.0360976101983,365.9278564453125
348.266935547348,368.3270482521055,359.848467777252,371.54662604141214,357.6173133354185,369.2474889259336,357.2384844495387,361.807116398312,367.109619140625
351.6837216424751,367.7717790107725,361.2513341407774,372.0716390113829,358.6746506195066,368.7107629280088,357.40882137869124,361.5715595027064,369.7621765136719
355.20372327789687,368.5097588996885,362.9339875679014,373.1990499000547,359.894664714813,370.1609639625547,357.5791583078437,361.326654748748,372.1069946289063
353.4731908394022,370.03180975723245,364.7487325172422,375.7285279731748,361.0873841743467,372.5008420448301,357.74949523699627,360.9862256149949,373.4586181640625
351.3030757098456,372.2963551979063,366.5774545173643,378.4261388282774,362.1908807258604,375.52993292617776,357.91983216614875,360.5419775234964,375.2268981933594
351.2520377323961,373.4790544013975,367.9088696937559,381.5372838478086,363.1334619026182,377.7787446479795,358.0901690953013,360.1395322248952,376.501953125
349.13887190586,373.76384825515726,368.098597476959,382.8302049140928,363.542014072418,378.77995772171,358.2605060244538,359.9643402296752,376.9586181640625
350.453259123024,373.5109681587217,366.3661097984312,382.4535188179014,362.4852103691099,379.39614767837503,358.4308429536063,360.0433863463533,377.0727233886719
352.3769249054604,373.11222548294046,363.2616548042295,380.02802557754495,359.90529818344095,377.5312604408262,358.6011798827588,360.1753715634748,376.7106628417969
353.1704279677944,372.3601407508848,359.46736235427835,374.9096021156309,356.1562203865049,374.6299676399229,358.77151681191134,360.0871405287372,375.91510009765625
351.0583903486843,371.8388776283262,356.1299056510923,366.2990054588316,352.3514980773924,370.7596253852842,358.9418537410638,359.6857847140328,372.9215393066406
349.9827790982094,371.49952978897073,354.01476545143106,366.4876784782408,349.74516267585733,368.9334516029356,359.1121906702164,359.1640696255754,370.83740234375
349.93964014248945,372.6682290534971,352.87853867816904,369.17409796524026,348.56616992759683,370.2848996620176,359.28252759936885,358.84359566636385,372.2232666015625
351.0899580046539,374.0124921302793,351.6798499326704,373.4285497169493,348.04695577430704,372.87672323989847,359.4528645285214,358.89172186978067,374.6580810546875
353.6012592785988,374.0965623359678,349.96886582183816,376.4374894599912,347.6398596267698,374.322495410919,359.6232014576739,359.1798962396669,376.2295837402344
355.6994916913099,372.4901914100645,348.1497396926878,376.5010690193174,347.39344687271097,373.08606238174417,359.7935383868264,359.4255601624214,376.5308227539063
356.568248565774,370.1798257331846,347.03754133987405,372.9872846107481,347.9268035392759,369.6844472389219,359.9638753159789,359.48827438825936,375.8208923339844
358.98355880146886,369.359137485504,346.9059528808592,372.7529992561338,349.0558402042387,365.7966861228941,360.1342122451314,359.53269476434457,374.0653991699219
357.2501630173063,369.495003650665,347.6872865657804,372.3186368446348,350.3870620231626,365.7811736564634,360.3045491742839,359.8859249016768,373.1747741699219
358.913026846014,370.1601724128721,349.0093276004789,373.8384999732969,351.6506577234266,369.0719518165586,360.4748861034364,360.7051758607257,374.4997863769531
359.17834599595545,372.11453909683206,350.3894327383039,376.1886205177305,352.8025305967329,372.1651296119688,360.64522303258894,361.76313149194925,376.25726318359375
357.9170519988985,371.5932244758604,351.30733377742746,378.66886610794046,353.76726264762857,373.3272809486387,360.8155599617414,362.5664724764896,377.302734375
357.3354685259981,369.6245393257139,351.7457605700491,376.87348456192,354.60157460975626,371.9670896034239,360.985896890894,362.7251281689725,377.5155334472656
355.9136491683311,368.3411206703184,351.75691218185403,374.572043369293,355.3905691604612,370.0005330543516,361.15623382004645,362.2588954568511,377.4974365234375
353.3612434370441,368.6492108802793,350.86122013139703,375.41412825393655,355.8396534423826,369.9250440101621,361.326570749199,361.5778938834412,377.5368347167969
352.42225407669355,370.29470915603616,348.73736710357645,375.2768010597227,355.2604169349668,373.0868100624082,361.4969076783515,361.15855075756593,377.6669006347656
352.9364819121552,372.8561887245176,345.07139725494363,373.4027738075254,353.43552691745737,375.7702168922422,361.667244607504,361.1963658517466,377.9573669433594
353.70840894943143,373.9024209480284,339.2676228981016,370.9183339576719,349.59282917785623,376.841595600128,361.8375815366565,361.5185429859221,378.2298583984375
359.2957985992546,373.3393620948789,332.4986981849668,363.9628476600645,344.5647806625364,371.61511320877054,362.007918465809,361.7941561076871,377.7330627441406
365.2012982978487,369.2975263099668,326.6128682594297,354.97326750564554,339.7011661033628,366.09962935256937,362.1782553949615,361.8220538207688,375.1607055664063
372.7478585266504,365.8988999824522,322.8036908607481,352.6178509693144,337.0545529823301,359.6403207283018,362.34859232411407,361.6401926978449,368.7958068847656
371.56302852835466,365.2708339195249,321.1174764137266,353.3393978576658,337.2948626976011,358.49248022842386,362.51892925326655,361.3987865903086,368.2569580078125
372.2607771656475,367.1456574897764,320.9610280494688,354.40587086486795,338.99422449874857,361.1941995124815,362.68926618241903,361.1674527403823,371.8323669433594
366.8353108605366,370.7985143165586,321.70838637161233,356.71885342407205,340.57739443588235,365.9322461585997,362.8596031115716,360.8844442994511,375.9028930664063
363.15498884441377,370.8969716529844,321.9757775764463,358.10055250930765,341.82245821762064,366.672330806732,363.02994004072406,360.4830841755826,376.6227722167969
364.421158993617,370.03895277786233,321.0479707221983,359.1983828048704,342.79827208328226,366.44756407546976,363.2002769698766,360.0343815919046,377.47357177734375
370.7657471080313,365.947061489105,319.2387036781309,361.23365587997415,343.6573967437742,362.1060761909483,363.3706138990291,359.72815249342403,376.6640625
373.43095742026327,364.1665667991636,317.1928472023008,360.3654002647398,344.44750017929056,360.03474421310403,363.5409508281816,359.69206835190226,375.6923828125
371.8712040483952,362.5929507713316,315.8495892982481,358.1388887863157,345.3010687332151,357.6274780731199,363.7112877573341,359.8331781765574,372.31787109375
365.7950270031576,362.90935225296,315.30334753799417,359.3787784080503,346.2125625114439,360.8628215293882,363.88162468648665,359.88324922463494,375.6841125488281
363.5971341175032,366.1996983985899,315.3527173500059,361.83230490493753,347.1136626701353,365.13901133346536,364.05196161563913,359.6315691224709,378.2380981445313
358.71031735697744,367.3928689460752,315.2094411354063,365.42146963882425,347.93600625801065,365.8552941780088,364.22229854479167,359.13148885473413,378.6885681152344
360.00743684684846,365.26140303421,314.3008489112852,365.56284518051126,348.35050363349893,364.949541996002,364.39263547394415,358.6735795373969,379.0602111816406
361.59051847225095,361.39761442947366,312.9730252723692,363.4128827552793,348.4475018482206,361.8949374656675,364.5629724030967,358.53492630960966,378.84808349609375
365.4946451657448,359.5729994277952,312.14145178604105,360.8583878974912,348.83680529403665,358.57774252700784,364.7333093322492,358.7351829616974,377.8409729003906
365.07606552867225,359.689680049896,311.72255224990823,362.36877722549417,349.5816711883543,358.7275938491819,364.9036462614017,359.0353469971947,378.1805114746094
365.3947737412529,360.46234125900247,311.6975736122129,363.6414193611143,350.58868641662576,360.0665673713682,365.0739831905542,359.1884534814404,378.60064697265625
370.7396936500445,362.9054173927305,311.65027518081644,365.83807749557474,351.57524747657754,362.3260964851377,365.2443201197067,359.2044296847294,379.1886291503906
374.2241589576006,363.6669635276792,310.338702152252,368.03211874771097,351.98848504829385,361.7685069541929,365.4146570488592,359.3649669957601,379.26806640625
379.1898436569605,361.90302557754495,307.43945593643167,369.5384416084288,351.5498660902975,360.7058152656553,365.5849939780117,359.95404277894323,379.4413146972656
387.8694948018532,357.2508306007383,303.97544760513284,371.4195718269346,350.6138345699308,355.9426021080015,365.75533090716425,360.94460268203807,378.1929931640625
381.6435852656145,354.770819137573,300.96644873428323,368.7814816932676,349.61559672164896,353.4333576660154,365.92566783631673,361.94014009146,376.7695007324219
377.408386103343,354.3784515361784,299.27978033828714,368.01381392288187,349.4427186946867,351.54819924640634,366.0960047654693,362.44837552573296,374.698974609375
366.576841698494,357.4238934020994,298.23977179336526,371.8040246467588,349.78705758857706,356.6204871635435,366.26634169462176,362.26275823337386,377.66217041015625
364.13436561543466,360.43485064315774,297.2942418556211,373.6228494148252,350.1862624387739,360.5383777122496,366.4366786237743,361.6241464961793,379.279541015625
361.8167925123129,361.0092591743467,295.89013190078714,371.75468725967386,350.4103649358747,362.03739065933206,366.6070155529268,361.02593040821847,379.9817199707031
364.4830856379118,359.3208293418882,294.03398413467386,368.7690381507872,350.38634545612314,359.1625680427549,366.7773524820793,360.8357773016145,379.9515380859375
373.0488417046146,354.94656796264627,292.2335843544004,365.9531793098448,350.3827056388853,355.09875435638406,366.9476894112318,361.05456663933455,379.0932922363281
375.2612962196579,351.2418715457914,291.4839772682188,363.6586875419615,351.12164897727945,351.0664472084043,367.1180263403844,361.3923148098313,377.1365356445313
373.48053858242895,353.4057080249784,291.7214459877012,363.6830214958189,352.3332703809736,353.9680306415556,367.2883632695368,361.5536745832745,379.392822265625
372.02717018965626,355.4803115825651,292.69191260147073,364.9196109275816,353.54034681129434,356.0711078147886,367.45870019868937,361.4599848210569,380.1779479980469
366.0830387510357,358.8162092666624,293.4396543006895,367.6559876899717,354.6199464302061,360.5852546195982,367.62903712784185,361.23100360916976,380.9987182617188
366.3037389842796,360.3971394996641,294.1368207435606,368.02223105239847,355.61209220695474,360.41839594650247,367.7993740569944,360.9954467135653,381.200927734375
366.5308610121717,356.72365183639505,295.0731610755918,367.1572246055601,356.59178967285135,357.1919850807188,367.9697109861469,360.7505419596058,381.2180480957031
370.8463740297594,353.2690600852964,296.3657330970762,366.8653459053037,357.58093018341043,353.8137902717588,368.14004791529936,360.4101128258525,381.2885437011719
374.0172111690045,351.16704101371744,297.9835423927305,367.0137090187071,358.59305472183206,352.3621979455946,368.3103848444519,359.9658647343547,381.4319152832031
371.0040015401316,353.53292674827554,299.3983411293028,368.5630235176084,359.5228909950254,356.0154413681028,368.4807217736044,359.5634194357528,381.7873840332031
364.83083138568304,356.56650633621194,300.2267293434141,369.3470868568418,360.395605037689,361.5361833076475,368.6510587027569,359.38822744053294,381.98486328125
366.2363620800896,359.0463346939085,299.78803534316995,370.40007300186136,361.0862292747496,363.8376636009214,368.8213956319094,359.46727355721106,382.0711669921875
364.5836570807734,358.1147450904844,297.59533209609964,370.5779141883848,360.6506995658872,361.5885419349668,368.9917325610619,359.59925877433204,382.1309814453125
367.29614726966287,354.23210115241983,294.02381033706644,367.6671552162168,359.13181395339944,358.78581518936136,369.1620694902144,359.5110277395967,382.1859436035156
376.8449257118626,350.089014242172,290.53927893447855,361.4092311363218,357.31312937545755,352.6927003364561,369.3324064193669,359.10967192489204,382.025146484375
377.7190553848629,,,,,,,358.5879568364336,
373.947811901104,,,,,,,358.26748287722233,
372.1060142354106,,,,,,,358.31560908063886,
366.58593711536406,,,,,,,358.6037834505242,
370.7135020126591,,,,,,,358.8494473732799,
373.499839046504,,,,,,,358.9121615991167,
375.26465016882895,,,,,,,358.9565819752015,
376.0745913176794,,,,,,,359.30981211253646,
374.0413225702944,,,,,,,360.1290630715825,
366.9386842199602,,,,,,,361.1870187028083,
365.7907447945328,,,,,,,361.9903596873468,
365.2587463269014,,,,,,,362.14901537983246,
370.9541727565231,,,,,,,361.68278266771233,
367.2222151705065,,,,,,,361.0017810943,
364.0083896536379,,,,,,,360.5824379684238,
360.84513440541934,,,,,,,360.62025306260574,
358.3892548037691,,,,,,,360.9424301967815,
363.37459585582826,,,,,,,361.2180433185448,
365.3924440150146,,,,,,,361.2459410316266,
372.035994710866,,,,,,,361.0640799087025,
375.0462677087632,,,,,,,360.8226738011677,
375.4828066257763,,,,,,,360.59133995124114,
366.6430547488852,,,,,,,360.3083315103086,
361.62266796128847,,,,,,,359.90697138644026,
