step,forecast_tb
1,3.779418147192308e-07
2,3.811321817925835e-07
3,3.8618386180104405e-07
4,3.8931199208682184e-07
5,3.8830709679480623e-07
6,3.8413508301586345e-07
7,3.801052604650189e-07
8,3.793113139374376e-07
9,3.823183085187077e-07
10,3.8682229427781397e-07
11,3.8947265156338346e-07
12,3.884192816292455e-07
13,3.8465056264212633e-07
14,3.8115857768223197e-07
15,3.806292483289823e-07
16,3.8343820866954493e-07
17,3.874452694092843e-07
18,3.8968231650903897e-07
19,3.8860644324903166e-07
20,3.852100204945588e-07
21,3.8219292545079483e-07
22,3.818815696184142e-07
23,3.844965942479376e-07
24,3.880568243294207e-07
25,3.8993756846039674e-07
26,3.888601333777749e-07
27,3.8580636715493825e-07
28,3.832078358492301e-07
29,3.830745605668925e-07
30,3.8550156442378844e-07
31,3.8866074092491733e-07
32,3.902351782357205e-07
33,3.891727645001374e-07
34,3.864334904543688e-07
35,3.842032070403638e-07
36,3.842140079080362e-07
37,3.864602608143239e-07
38,3.892601154118429e-07
39,3.905720081009687e-07
40,3.8953752347441267e-07
41,3.8708613229482057e-07
42,3.851792278456519e-07
43,3.8530522622483356e-07
44,3.873789692967079e-07
45,3.8985745905591325e-07
46,3.9094503589917183e-07
47,3.899483034973032e-07
48,3.877597825083118e-07
49,3.861363143516177e-07
50,3.863530834340957e-07
51,3.882632123294191e-07
52,3.9045478589413364e-07
53,3.913513725400069e-07
54,3.903996405608941e-07
55,3.884505846045227e-07
56,3.870750566419177e-07
57,3.8736202709845947e-07
58,3.891178324890195e-07
59,3.910536889642667e-07
60,3.917882739970675e-07
61,3.908866543381777e-07
62,3.891552522197291e-07
63,3.879961742716104e-07
64,3.8833611103013174e-07
65,3.899470679079895e-07
66,3.9165540639482023e-07
67,3.922531487961405e-07
68,3.9140499338583693e-07
69,3.898709951807012e-07
70,3.889004792690331e-07
71,3.892790217586104e-07
72,3.9075462026754674e-07
73,3.9226087856511095e-07
74,3.927435618343063e-07
75,3.9195078451675553e-07
76,3.905954541918772e-07
77,3.897888456009464e-07
78,3.9019410452595694e-07
79,3.9154371596523327e-07
80,3.928707974150905e-07
81,3.9325723524461093e-07
82,3.9252058616809695e-07
83,3.9132664324264757e-07
84,3.906621841701109e-07
85,3.9108438855007316e-07
86,3.923171610415207e-07
87,3.9348564886702695e-07
88,3.937920469123028e-07
89,3.93111345572137e-07
90,3.920628989140603e-07
91,3.9152142253287523e-07
92,3.9195261136080566e-07
93,3.930773904135225e-07
94,3.941057492148718e-07
95,3.943460271542581e-07
96,3.9372035952494066e-07
97,3.9280283584078643e-07
98,3.923674886292006e-07
99,3.928012420673084e-07
100,3.9382651192775304e-07
101,3.9473127624130715e-07
102,3.9491735399153515e-07
103,3.943452385412282e-07
104,3.935453076549713e-07
105,3.9320129791022377e-07
106,3.9363250345943203e-07
107,3.945663457082227e-07
108,3.9536229573619935e-07
109,3.95504347374472e-07
110,3.949838741813644e-07
111,3.9428937280386134e-07
112,3.940237433302236e-07
113,3.9444839288232027e-07
114,3.9529845924140145e-07
115,3.9599878401267006e-07
116,3.9610546265901145e-07
117,3.956344093374473e-07
118,3.950342646930924e-07
119,3.948356877418767e-07
120,3.9525070185302533e-07
121,3.9602419860600745e-07
122,3.9664064694747686e-07
123,3.9671928358078933e-07
124,3.962952112692302e-07
125,3.9577936566253047e-07
126,3.9563795829699486e-07
127,3.9604103441181925e-07
128,3.967447162233989e-07
129,3.9728773601015166e-07
130,3.9734451492888433e-07
131,3.9696484718647275e-07
132,3.965241843518548e-07
133,3.9643134251049274e-07
134,3.9682082421985217e-07
135,3.974609954737225e-07
136,3.979398616897203e-07
137,3.9797997508304145e-07
138,3.9764206218175423e-07
139,3.972683360589555e-07
140,3.97216585693985e-07
141,3.9759135042965553e-07
142,3.9817387249398754e-07
143,3.9859680467819714e-07
144,3.986245885458021e-07
145,3.983257593263633e-07
146,3.980115257359774e-07
147,3.9799438950793804e-07
148,3.9835375236636125e-07
149,3.988840554469611e-07
150,3.9925832512584866e-07
151,3.99277378573554e-07
152,3.990149817512538e-07
153,3.9875353330576216e-07
154,3.987654114183932e-07
155,3.9910904306598445e-07
156,3.99592141524222e-07
157,3.999241702439214e-07
158,3.999374599873992e-07
159,3.997088965449184e-07
160,3.994942010158053e-07
161,3.9953026487656087e-07
162,3.9985812172317756e-07
163,4.002986319228716e-07
164,4.0059408049565053e-07
165,4.006040322253369e-07
166,4.0040678031015423e-07
167,4.0023342257791925e-07
168,4.0028952006762404e-07
169,4.0060178510493874e-07
170,4.010039450132431e-07
171,4.0126779458545883e-07
172,4.0127637268107084e-07
173,4.0110800623187563e-07
174,4.009711338698434e-07
175,4.010437050993795e-07
176,4.0134073798919715e-07
177,4.0170842789443357e-07
178,4.019450534289233e-07
179,4.0195383036132297e-07
180,4.0181203251821993e-07
181,4.017073050003069e-07
182,4.0179330752233905e-07
183,4.0207560268831776e-07
184,4.024123665155402e-07
185,4.0262560326195143e-07
186,4.0263581988247655e-07
187,4.025183920870723e-07
188,4.0244193356177e-07
189,4.0253877609101206e-07
190,4.0280692771762565e-07
191,4.0311599452305507e-07
192,4.0330919802633614e-07
193,4.033218158183378e-07
194,4.032266833797102e-07
195,4.031750389154579e-07
196,4.03280522691646e-07
197,4.0353519566826533e-07
198,4.0381950097887067e-07
199,4.0399560115014797e-07
200,4.0401134740350097e-07
201,4.0393656219247206e-07
202,4.0390665737157087e-07
203,4.040189243750357e-07
204,4.0426083034227557e-07
205,4.045230370787089e-07
206,4.0468458682498855e-07
207,4.047039935909604e-07
208,4.046477344261396e-07
209,4.046368381438897e-07
210,4.047543254444029e-07
211,4.049842032058231e-07
212,4.052267219874156e-07
213,4.0537594086772764e-07
214,4.053993784580122e-07
215,4.0535994966104876e-07
216,4.053656399725819e-07
217,4.0548703955804613e-07
218,4.0570563921423973e-07
219,4.0593064789538053e-07
220,4.0606946124174917e-07
221,4.060971669509358e-07
222,4.060729954738024e-07
223,4.060931283220132e-07
224,4.0621735181468446e-07
225,4.0642542205994705e-07
226,4.066348843892804e-07
227,4.067649583017327e-07
228,4.067970609562612e-07
229,4.067866924188268e-07
230,4.0681937307193214e-07
231,4.069455207963679e-07
232,4.0714379889162345e-07
233,4.0733948222029587e-07
234,4.07462254816418e-07
235,4.074987956844782e-07
236,4.0750088960490504e-07
237,4.0754444663066996e-07
238,4.0767178054966636e-07
239,4.0786098455014745e-07
240,4.0804447654387443e-07
241,4.081611858154734e-07
242,4.082021363506923e-07
243,4.082154608032283e-07
244,4.082684224081015e-07
245,4.0839634249073367e-07
246,4.085771653639849e-07
247,4.0874988969690104e-07
248,4.0886159829936696e-07
249,4.089068751358831e-07
250,4.0893030102945274e-07
251,4.0899137359417573e-07
252,4.0911939722390584e-07
253,4.092925025438416e-07
254,4.094557335707418e-07
255,4.0956335084489286e-07
256,4.0961282841196645e-07
257,4.096453235477438e-07
258,4.0971337219594565e-07
259,4.098411162668477e-07
260,4.100071352135958e-07
261,4.101620116319694e-07
262,4.102663131336142e-07
263,4.10319834213742e-07
264,4.103604572498497e-07
265,4.104344882923082e-07
266,4.105616536780102e-07
267,4.107211831117985e-07
268,4.108687206365989e-07
269,4.1097036542584516e-07
270,4.1102774994094077e-07
271,4.110756443669009e-07
272,4.1115478947119345e-07
273,4.112811475843943e-07
274,4.114347489953999e-07
275,4.115758520783052e-07
276,4.116753979988141e-07
277,4.11736450273927e-07
278,4.117908384758887e-07
279,4.1187434041880476e-07
280,4.1199972160941223e-07
281,4.1214792077484384e-07
282,4.122833934062931e-07
283,4.1238131056424415e-07
284,4.124458252871018e-07
285,4.1250600276667544e-07
286,4.1259320263476986e-07
287,4.1271748620205494e-07
288,4.128607734072804e-07
289,4.129913290442085e-07
290,4.1308801167768574e-07
291,4.131557787446678e-07
292,4.132211085389355e-07
293,4.13311434250796e-07
294,4.1343453986968485e-07
295,4.135733705723868e-07
296,4.136996412376563e-07
297,4.1379541814946755e-07
298,4.1386622656410876e-07
299,4.1393613390165907e-07
300,4.140290899336823e-07
301,4.141509703176155e-07
302,4.1428576615316095e-07
303,4.14408310754487e-07
304,4.1450345446504946e-07
305,4.1457709543348774e-07
306,4.14651062650781e-07
307,4.147462208563823e-07
308,4.148668554992638e-07
309,4.149980055420634e-07
310,4.151173174589921e-07
311,4.152120522208003e-07
312,4.152883215694559e-07
313,4.1536588330315303e-07
314,4.154628747232837e-07
315,4.1558226458110084e-07
316,4.1571012679103077e-07
317,4.1582664077846433e-07
318,4.159211495797537e-07
319,4.1599984960366286e-07
320,4.160805882674774e-07
321,4.1617909583801656e-07
322,4.1629725882691924e-07
323,4.164221616221595e-07
324,4.1653626007820135e-07
325,4.1663069075066543e-07
326,4.167116315860663e-07
327,4.1679517313498655e-07
328,4.168949252039618e-07
329,4.1701189240610093e-07
330,4.1713413631426833e-07
331,4.172461549589342e-07
332,4.173406254926812e-07
333,4.174236260944305e-07
334,4.1750963607460204e-07
335,4.176104006492344e-07
336,4.1772621313063873e-07
337,4.1784607247907786e-07
338,4.179563054888024e-07
339,4.1805090864708624e-07
340,4.181357974400822e-07
341,4.1822397731905997e-07
342,4.183255569692988e-07
343,4.1844026312565187e-07
344,4.1855798773939164e-07
345,4.186666923803699e-07
346,4.1876149969692787e-07
347,4.188481149607395e-07
348,4.189381987300604e-07
349,4.1904042608156454e-07
350,4.191540794380618e-07
351,4.192698963204278e-07
352,4.1937729712173354e-07
353,4.1947236235475294e-07
354,4.1956055239195213e-07
355,4.1965230343190916e-07
356,4.197550371873238e-07
357,4.1986769458797085e-07
358,4.1998180956431297e-07
359,4.200881020695201e-07
360,4.201834641782625e-07
