time_index,historical_tib
0,300.0358268728252
1,297.43782514286033
2,297.0636078500752
3,299.15955880212795
4,302.4408201966289
5,304.4421817822461
6,305.5769829735752
7,301.2727745947842
8,298.9864316539766
9,297.88912533569334
10,299.4105830993652
11,303.53947134017966
12,304.9954133901592
13,306.9074583706855
14,303.41829341077835
15,300.41002713537205
16,299.2181034197803
17,301.4400214204785
18,304.7868933362959
19,306.2641450328828
20,306.97197160434763
21,302.37109489250196
22,299.71854457426076
23,299.27961869287503
24,301.91212607526757
25,305.27262810468653
26,306.44780253362694
27,307.5848190598486
28,302.5293383879658
29,300.39420963907224
30,299.8449318389893
31,301.6517992076875
32,305.1627077960967
33,306.04923543882325
34,306.1347502799033
35,301.3429924683574
36,298.5944053864483
37,298.13144008874906
38,300.2452107815742
39,305.3830824823379
40,305.20772271919236
41,307.9186626095771
42,304.0910196919444
43,301.08811273431735
44,302.97428923320797
45,304.1898143181797
46,306.8738040614131
47,308.4306174831387
48,308.67421197319044
49,308.28603613901174
50,307.8914033150674
51,307.7792143597608
52,312.66940129613863
53,317.9994446539883
54,317.41050112295113
55,315.34760980987596
56,309.4409071145059
57,304.73169470453223
58,302.76169006919827
59,304.45183431053124
60,308.2972829384805
61,309.8631194853779
62,309.0872712464336
63,303.0751708884238
64,299.6951308603291
65,299.30428431034085
66,301.9648039698604
67,304.11926020622263
68,305.4928712830547
69,306.63515635442775
70,302.96513408803906
71,301.08297377681737
72,302.46918560123436
73,302.7864642844199
74,306.3095012707715
75,308.5743276996611
76,309.3085193982129
77,304.871579174042
78,301.7080871458057
79,300.72509213590627
80,302.4030526943203
81,305.40445796203613
82,306.885859242916
83,307.6410172486309
84,303.5770240206719
85,300.48805612134964
86,299.8706568202969
87,302.1084676003457
88,305.330027761459
89,307.1373179335596
90,308.0988017516133
91,303.8460185928349
92,301.41300038623825
93,300.62275601148633
94,302.20677256298046
95,307.24085795116406
96,308.07878691005664
97,308.144086675167
98,304.5176210975645
99,301.6942833085058
100,298.34512747716894
101,299.43290859317773
102,301.10643026590327
103,301.33824755239453
104,302.6858936324121
105,299.86109440326663
106,298.0515439472197
107,297.01592247962986
108,298.47960956335055
109,300.4413936624531
110,300.61630620861035
111,301.5262010164258
112,298.55228294944726
113,297.1375096898076
114,302.3558634042744
115,307.77728816080077
116,314.79874942731834
117,316.2944918527607
118,317.27664475250293
119,309.75860653162016
120,303.4122336225508
121,299.90872669792185
122,300.63618102407423
123,303.64826714277245
124,307.16266867017777
125,308.3151333408359
126,304.6301724371914
127,302.57242882061036
128,301.2262862286572
129,303.7695277733799
130,308.10293537950486
131,310.0686852221484
132,311.42017718935057
133,304.63303266572944
134,300.8319509935381
135,300.69712231731444
136,300.99879096460353
137,304.71622122192383
138,306.37385502910644
139,307.63751878643063
140,304.70805940103514
141,303.47080248260545
142,302.8659671525957
143,303.3038765997891
144,304.71582650709183
145,305.6754545731543
146,306.6452424960137
147,303.67989074134863
148,302.6536413173672
149,301.88006961250295
150,301.74385324573535
151,304.5584244661328
152,305.43399364805174
153,306.6019804625508
154,305.0812108211514
155,304.393656834126
156,304.57595625591307
157,304.7907171111103
158,306.6652473993301
159,308.4523162875176
160,309.6395278692246
161,307.45633934116404
162,306.0239950594903
163,305.09189664506937
164,306.1838461694717
165,319.13220526123047
166,321.54185575389846
167,336.49350828790625
168,338.3208205718994
169,330.7839761338232
170,319.36185444116603
171,313.7417289137842
172,314.6719375224111
173,316.15572716140724
174,319.25010740280175
175,318.67468267297755
176,318.2476016073223
177,317.62371215009665
178,318.1120223450664
179,318.9172873897549
180,319.8351949210166
181,323.07128547906837
182,320.7544186148642
183,319.70343207407035
184,319.38348101282133
185,320.04306145525004
186,322.3832940382959
187,324.1974145879746
188,329.0060932106973
189,322.9646071753506
190,321.56522035026563
191,324.46518045377735
192,323.6712704153057
193,329.13553482770897
194,331.0681352024082
195,332.7578960657119
196,331.2850181403164
197,329.3240858521465
198,328.78922450780857
199,330.3084779844287
200,341.22561408090627
201,340.58487881374316
202,341.6153624839785
203,338.0567678451543
204,333.853245176792
205,330.79457256174123
206,330.10648512935643
207,331.65037562131835
208,333.5219273366924
209,334.0067377834317
210,331.17085629987696
211,329.8760574116709
212,329.1151769390107
213,329.4193191509248
214,329.8358015627862
215,328.92604773855174
216,324.33978322982813
217,321.7015233325957
218,321.2913428969385
219,320.5892099347119
220,322.4151099276543
221,324.8816368942265
222,330.67079260826074
223,334.09993222141304
224,332.1222442040439
225,330.7138758592607
226,331.32523524856543
227,331.1008554348945
228,333.77799122762696
229,333.9420412511826
230,332.82598946905176
231,330.1531357450488
232,324.9219555177686
233,328.96259902715724
234,332.22682687187205
235,335.83846083021194
236,337.711720583916
237,339.0751204576494
238,336.8199907827373
239,333.9409394369121
240,333.01301153850585
241,333.9453024544717
242,336.1894445600508
243,338.14611300182327
244,339.58825990343064
245,337.73080119133004
246,335.8218168039326
247,335.3876040744785
248,336.06114618968945
249,338.69712394857424
250,340.97234231853514
251,341.7566097502705
252,339.09595542240135
253,336.87799811744725
254,337.4267888355254
255,336.4613521170615
256,339.11438972902346
257,341.50438485908495
258,342.54662398242965
259,339.7553365540508
260,337.7870835728642
261,337.6629924788477
262,337.82227342510254
263,340.1005167627334
264,344.6068489451406
265,345.6341636438369
266,343.8777753610615
267,342.31699498271973
268,341.49476723861716
269,340.54123109197656
270,342.18671143531833
271,345.64138544464157
272,349.39065493631347
273,347.7109327344893
274,346.083390804291
275,344.5602325344082
276,344.66162209796875
277,346.7930487213135
278,347.7064887986181
279,349.360477667332
280,347.027846176624
281,346.03086936378514
282,346.122074901581
283,346.33083198022854
284,347.1542047615049
285,347.41939103078806
286,349.22820654583006
287,347.5090414614678
288,347.0701399931904
289,348.961669764042
290,349.4094897007939
291,351.3771941294668
292,352.825556939125
293,352.29297077465037
294,350.5511826248174
295,350.38537882709477
296,350.75648121499995
297,353.23874784851074
298,358.84058728694924
299,360.8637558460234
300,365.0663506298066
301,365.67949247550973
302,363.6011665883067
303,363.83061549139063
304,365.6314068932529
305,366.5254807577129
306,369.1034587402344
307,371.7432800269131
308,371.89755496311227
309,370.912038980961
310,371.1967787613867
311,371.6225769619941
312,373.739901580334
313,374.395321630001
314,375.9426387643818
315,374.8949397416113
316,373.2555061435703
317,373.9666832966807
318,375.2691888637539
319,381.2130826377871
320,384.06898880720115
321,386.45526558780665
322,381.54086804914454
323,380.63322304105765
324,380.34215940618554
325,384.01666733694043
326,390.19464332437497
327,389.5544078984258
328,392.41390539836914
329,386.60801140403714
330,367.01037806892384
331,364.240008004665
332,362.0125819816592
333,361.6044294357304
334,363.32250484037405
335,364.97630956554394
336,363.8011544299121
337,363.1494575524326
338,363.02105548810937
339,364.10402557849903
340,366.29260034704197
341,368.3830489506719
342,370.41527971363087
343,370.0136662859912
344,370.0803491010664
345,368.1294465990068
346,367.41168051528905
347,366.2758176379199
348,363.1605745968818
349,362.9035199799541
350,361.1680946846006
351,360.70733620834375
352,360.8630463695527
353,360.64100765991213
354,362.66677373647656
355,364.4158437066074
356,365.8890364608769
357,364.6052549295429
358,363.46506332683595
359,363.2526285080908
360,365.6979372115137
361,367.5827620487217
362,368.5731977281572
363,369.71990874767283
364,366.02261005687694
365,362.8042251596455
366,362.4418101210596
367,368.28251723194137
368,369.12484335136423
369,368.6113181128506
370,367.2708112092022
371,361.12609019184083
372,357.5043245997432
373,356.68771657037695
374,356.0152477693555
375,356.4976367468838
376,358.2674060087207
377,360.7321050620078
378,357.86934889936424
379,355.83446926069234
380,354.4996959033008
381,352.11738616466505
382,353.92292670869824
383,356.64790866184273
384,359.6241466197969
385,358.2848889341357
386,356.53258578825
387,355.9582910771367
388,355.41761754798927
389,357.823443142414
390,360.9027527194024
391,363.4607135167119
392,361.98324239587794
393,359.7786047811504
394,357.5801418352129
395,357.1584241495137
396,358.73368952179004
397,363.645877716541
398,364.56896702480276
399,362.46726157236134
400,361.50998277187307
401,358.4188209977148
402,359.06817022943454
403,360.728581694126
404,363.62437327003516
405,363.8877472229004
406,362.4339116997715
407,362.0672160601611
408,360.28484223127344
409,360.61547585725776
410,362.7939673433301
411,365.11123620986916
412,367.7885112061504
413,364.5195013394355
414,361.03236630868946
415,360.6962607617383
416,359.029267381668
417,361.62929368972755
418,364.62885996341697
419,367.35294573593166
420,366.12605501699414
421,367.6633894071582
422,369.10385061168654
423,371.21736954975097
424,373.1100778245928
425,375.4395626559258
426,380.64222615098925
427,374.2607991685869
428,370.2196194815634
429,368.4275796198848
430,366.89783110713967
431,368.070919994831
432,368.99289553785354
433,368.9263672618867
434,367.5394907145498
435,366.7855199422832
436,367.1826421294209
437,368.43841425848046
438,371.30360254621485
439,373.84132047987015
440,374.7824892201426
441,373.8028543224336
442,373.09883526325194
443,375.2622635960576
444,380.40268042373634
445,382.09771669340137
446,383.0384767642022
447,375.1712229394912
448,371.6636484055517
449,369.1650888137822
450,361.82699343061427
451,361.8520462226865
452,366.1124392542842
453,369.0320496535303
454,371.46743514299413
455,369.2264516968731
456,366.01236385488477
457,365.39175500535936
458,365.9940010409356
459,369.0885320706367
460,372.4574701886182
461,374.65575112724315
462,372.8359370250703
463,370.9216132721904
464,368.7565065569873
465,365.56374666452444
466,364.4882007999424
467,364.65783077240036
468,366.75428498554203
469,365.57407982254006
470,364.78277531290036
471,363.32351945352536
472,385.227574986458
473,382.8252486729619
474,382.62339585542674
475,383.0590295772549
476,382.75838113355667
477,367.1253781838418
478,365.78474338626853
479,364.1895909914971
480,365.0603368830684
481,366.23742202377343
482,369.5515443892481
483,369.48685409212106
484,368.8472320690156
485,367.35448872995414
486,365.4826366319658
487,366.9453080840107
488,368.4572878584863
489,369.76892028236426
490,368.11654192590726
491,365.9439823741914
492,364.41769391489066
493,360.8512121477129
494,360.3784283833506
495,362.7510054454805
496,365.86734020519236
497,366.8562422871592
498,367.1563574204443
499,369.6417148861884
500,371.03077956247364
501,374.86236207389845
502,375.7049964957236
503,373.79539129972466
504,369.79708668708787
505,365.7439471435547
506,365.02057884693164
507,368.3160991878506
508,372.1520401034356
509,386.0678850302695
510,384.69592403459575
511,380.7314647355078
512,372.22559567785254
513,363.32710341930374
514,357.2955835862158
515,356.61143740320216
516,356.72999392986327
517,356.50178244733786
518,351.5913576488496
519,348.2196972684863
520,345.3197300267217
521,342.7570449566846
522,344.1777796616553
523,346.2068891687393
524,349.30214546537405
525,349.4238777604101
526,347.7596883559229
527,347.754414570332
528,350.9310981144902
529,353.97589047002833
530,356.43215427255666
531,357.26550184917477
532,354.1465713410381
533,351.6173657875059
534,350.52254373312013
535,351.4510166587832
536,353.9461795473096
537,356.37842887353906
538,357.4865083680156
539,354.89380975151073
540,353.01904752779
541,352.599149149418
542,354.04242285203907
543,356.62534200048435
544,360.12413096189454
545,363.72861263656637
546,361.95654741954786
547,359.73434952688183
548,359.6820866379736
549,357.5182048316006
550,358.8641373419766
551,360.83397110319146
552,361.6465182390215
553,359.4837917170527
554,358.38236579656643
555,358.3381915059092
556,359.5161169967656
557,362.0876895012851
558,364.2362794919013
559,365.12588653135253
560,367.5991642127041
561,365.8241669297217
562,367.52693949031834
563,367.79862629985837
564,366.50706124687207
565,365.9115197706221
566,364.4555767483711
567,361.84191327953323
568,360.8803881745342
569,361.4069574780469
570,362.1974107642178
571,367.91889776563676
572,373.96612945699707
573,381.69380713129004
574,380.48054121303517
575,381.195035817623
576,375.6393583211895
577,371.8707085766797
578,373.16726680946385
579,379.66412503862404
580,382.3933003983496
581,380.7961129455566
582,374.57410765123336
583,372.32346533632324
584,367.3193649735449
585,368.6476153311728
586,370.26869091558495
587,374.26651664972263
588,373.83789110136036
589,374.16424831104297
590,379.6374462976455
591,383.205538772583
592,388.2903999047275
593,397.17836267709765
594,390.80303131198923
595,386.4661873698232
596,375.3746858992578
597,372.8735903902051
598,370.50039553260837
599,373.2306796932217
600,382.00201390552536
601,384.26756732892966
602,382.44407150840726
603,380.955822274208
604,374.86903168106056
605,375.0950287199023
606,375.32760167646387
607,379.7466870064737
608,382.99362423706054
609,379.90809757709474
610,373.58677133893946
611,375.02603477001173
612,373.33366485071195
613,376.1112548041348
614,385.88920392894727
615,386.7843127140996
616,382.9225593867305
617,381.03655857706053
618,375.3839996061328
619,379.6106260609629
620,382.4638351836201
621,384.2710017728808
622,385.1003815093037
623,383.01831431198144
624,375.7452126412393
625,374.56972266960156
626,374.02495623874705
627,379.8570729026797
628,376.0355483345987
629,372.7445910053252
630,369.5054176311494
631,366.99059691905956
632,372.09558615636814
633,374.161862671375
634,380.96485858392674
635,384.04737813377346
636,384.4943939847949
637,375.4424880628584
638,370.30161199235937
