weight_MLP,weight_LSTM,weight_GRU,weight_PINN,weight_TFKAN,weight_EXP,weight_ARIMA,weight_PROPHET
0.020767318,0.024214812,0.0121782245,0.0013921193,0.124728926,0.0036242045,0.02282503,0.7902693
0.013295023,0.015905567,0.008258377,0.00058058504,0.12108554,0.0042923056,0.011218735,0.8253638
0.003527387,0.008353844,0.0036734329,6.317881e-05,0.100593485,0.0018423495,0.0027357538,0.8792105
0.0016300392,0.0060141757,0.0024430414,1.8619101e-05,0.07462237,0.0011450748,0.0011281631,0.91299856
0.001797441,0.006662705,0.0028388174,2.2600252e-05,0.07255789,0.0012869146,0.0012012197,0.9136324
0.0051615457,0.01151702,0.007361563,0.00014290735,0.10832316,0.0043757535,0.0033579068,0.8597602
0.016535616,0.021202583,0.018940179,0.0010309849,0.13319983,0.014764245,0.009715773,0.7846107
0.01855182,0.02257843,0.01796018,0.0011445086,0.13130164,0.012661519,0.011644194,0.7841578
0.00876077,0.013227429,0.009076801,0.0002806892,0.11308374,0.006375708,0.0052588233,0.843936
0.0017476461,0.0058104894,0.002393621,1.6779497e-05,0.06325331,0.00094635464,0.0010880537,0.9247438
0.00040521906,0.0030495415,0.00072419416,1.4821703e-06,0.020387199,0.00010884965,0.00021169404,0.97511184
0.00051491114,0.003525463,0.00091098994,2.328677e-06,0.024038414,0.00013792838,0.00028750225,0.97058254
0.0019084145,0.007186288,0.0030767515,2.1997255e-05,0.04843117,0.00073788955,0.0011259979,0.93751144
0.008236739,0.01471073,0.009490302,0.00024140402,0.08727982,0.004750439,0.004728723,0.87056184
0.011975876,0.016253144,0.011428202,0.00040417924,0.11038935,0.0076918956,0.0069378307,0.8349195
0.0053697266,0.008701156,0.0059998,9.382473e-05,0.0951465,0.0045266193,0.0027869137,0.8773755
0.00104106,0.0035287645,0.0015950686,5.146102e-06,0.045994665,0.00071127806,0.00048320848,0.9466408
0.00022004674,0.0018401111,0.0004680062,4.077056e-07,0.013469122,7.0645634e-05,8.3423605e-05,0.9838483
0.00022879986,0.002092335,0.00048720976,4.982185e-07,0.013204885,5.5341385e-05,9.8227916e-05,0.98383284
0.00069242023,0.0041039805,0.0014138817,3.5006838e-06,0.024183867,0.00020005276,0.00033975302,0.96906245
0.0022650717,0.008071245,0.0037010957,2.4433348e-05,0.035583343,0.0007767013,0.0010741189,0.948504
0.002294427,0.007926757,0.0036425164,2.289879e-05,0.033888865,0.00073918235,0.001057874,0.9504275
0.0010604347,0.00449606,0.002074263,5.735754e-06,0.023256145,0.00042251332,0.0003930755,0.96829176
0.00024522733,0.001957934,0.0006008523,4.5347355e-07,0.012486508,7.256902e-05,8.742966e-05,0.98454905
6.590713e-05,0.00088965043,0.0001388409,4.999985e-08,0.00734766,1.2990613e-05,2.2179316e-05,0.9915228
6.2369e-05,0.0008180444,0.00010653123,4.5382222e-08,0.0077933013,1.058681e-05,2.1619226e-05,0.9911875
0.00020308667,0.0016546461,0.00036433197,3.5135517e-07,0.012570609,3.9875355e-05,8.174077e-05,0.98508537
0.00059003243,0.003242215,0.0010606878,1.9798056e-06,0.018318512,0.00011976255,0.00026387276,0.976403
0.00059849035,0.0032412545,0.001011108,1.784384e-06,0.017031,0.00010716984,0.00025754032,0.9777517
0.00023076183,0.0017354259,0.00048567384,3.3083404e-07,0.010799805,4.0303476e-05,8.411597e-05,0.9866235
4.6098994e-05,0.00060373644,9.734078e-05,1.9690924e-08,0.005650198,6.99246e-06,1.3415403e-05,0.9935822
1.3888673e-05,0.00026834037,2.327222e-05,2.5125546e-09,0.0037229392,1.655027e-06,3.5614507e-06,0.9959663
1.764201e-05,0.00030331538,2.6105747e-05,3.785518e-09,0.004077582,2.0631473e-06,4.608039e-06,0.9955687
5.4597196e-05,0.00062355585,8.143155e-05,2.6062642e-08,0.006228851,7.401834e-06,1.5797898e-05,0.9929884
7.567195e-05,0.00077794923,8.234136e-05,4.0602913e-08,0.007724102,9.242852e-06,2.23898e-05,0.9913084
8.59642e-05,0.00084072485,0.00010706531,4.6622375e-08,0.0075128544,1.0382922e-05,2.518558e-05,0.99141794
3.6353256e-05,0.0004632046,5.641843e-05,1.0076518e-08,0.0048923716,4.0614914e-06,9.385772e-06,0.99453825
7.891077e-06,0.00016178729,1.2239659e-05,6.971824e-10,0.0026337455,7.3704e-07,1.6446064e-06,0.99718195
2.427993e-06,6.963963e-05,2.8707957e-06,8.8663375e-11,0.00172214,1.7406553e-07,4.4032677e-07,0.9982022
2.480397e-06,6.695446e-05,2.3907855e-06,8.770808e-11,0.0017740983,1.6141487e-07,4.4470426e-07,0.9981535
2.7030287e-06,6.990976e-05,1.5892452e-06,8.765194e-11,0.0021821377,1.512816e-07,4.7356116e-07,0.997743
3.417112e-06,8.50344e-05,1.6631915e-06,1.1796761e-10,0.0028231468,2.1285926e-07,5.7001046e-07,0.997086
2.7341046e-06,7.535967e-05,1.3307017e-06,7.831674e-11,0.0026095007,1.7115472e-07,4.3421548e-07,0.9973105
1.2750054e-06,4.5524197e-05,7.804916e-07,2.1987015e-11,0.001762276,7.827162e-08,1.8526016e-07,0.99818987
3.96762e-07,2.0022018e-05,3.1285597e-07,3.011047e-12,0.0011163969,2.5574028e-08,4.8008594e-08,0.99886286
1.4477324e-07,9.511553e-06,1.0921504e-07,4.944885e-13,0.00080023473,8.7223375e-09,1.4507183e-08,0.9991899
1.08644656e-07,7.511112e-06,6.793312e-08,2.5987513e-13,0.0008486647,6.9376487e-09,9.313929e-09,0.9991436
1.1273886e-07,7.476205e-06,5.6799486e-08,2.4202857e-13,0.0011092636,8.504893e-09,8.5343705e-09,0.99888307
1.2655428e-07,8.279126e-06,5.445384e-08,2.7379994e-13,0.0013299774,1.0850978e-08,8.859942e-09,0.9986615
1.0728432e-07,7.760582e-06,4.407721e-08,1.9630403e-13,0.0011724614,8.639216e-09,7.1619155e-09,0.99881965
5.549426e-08,5.1037537e-06,2.6090376e-08,6.2972224e-14,0.00079437916,4.0437227e-09,3.418542e-09,0.9992004
1.8816031e-08,2.3465998e-06,1.1126461e-08,9.964442e-15,0.000508298,1.4284963e-09,9.622242e-10,0.9994893
6.2262955e-09,9.599743e-07,3.82814e-09,1.459493e-15,0.00035448142,4.9953763e-10,2.4486208e-10,0.9996445
3.668262e-09,5.914273e-07,1.9791204e-09,5.5955023e-16,0.0003561624,3.384255e-10,1.184858e-10,0.9996432
2.8487526e-09,4.4432156e-07,1.2944227e-09,3.5307076e-16,0.00043306162,3.3164932e-10,7.819355e-11,0.9995665
3.4509686e-09,5.359528e-07,1.2657807e-09,4.568418e-16,0.00053457275,4.3439233e-10,9.211372e-11,0.9994648
3.7040342e-09,6.509909e-07,1.201247e-09,4.7447583e-16,0.00051438506,4.209509e-10,1.0078994e-10,0.999485
2.4435516e-09,5.4055977e-07,8.24364e-10,2.2144225e-16,0.00037150946,2.3677965e-10,6.421951e-11,0.9996278
1.1281784e-09,3.297538e-07,4.1734763e-10,5.8568675e-17,0.0002555513,1.015502e-10,2.6948083e-11,0.9997441
4.790513e-10,1.6800261e-07,1.796761e-10,1.33344286e-17,0.00019842923,4.5287867e-11,9.494718e-12,0.9998014
2.648564e-10,9.6632135e-08,9.151725e-11,4.719989e-18,0.00019368093,2.988254e-11,4.2260566e-12,0.99980617
1.7870161e-10,6.42654e-08,5.447233e-11,2.3600489e-18,0.00021797729,2.5851923e-11,2.3250449e-12,0.99978185
1.5738118e-10,5.785224e-08,4.2500194e-11,1.8304649e-18,0.00024111415,2.6298725e-11,1.8361738e-12,0.9997589
1.3979692e-10,5.8512793e-08,3.6352574e-11,1.4657604e-18,0.00023463216,2.2701093e-11,1.6601818e-12,0.99976534
9.811661e-11,5.1784635e-08,2.7095605e-11,8.0017823e-19,0.00019041348,1.40828035e-11,1.2151968e-12,0.9998095
4.9899928e-11,3.4223728e-08,1.4738889e-11,2.5039858e-19,0.0001400982,6.6431353e-12,5.806423e-13,0.9998599
2.174392e-11,1.7808915e-08,6.4326535e-12,5.975717e-20,0.000112307534,3.054882e-12,2.1231938e-13,0.9998877
1.1134975e-11,9.598725e-09,3.06668e-12,1.8606738e-20,0.00010678293,1.881078e-12,8.595165e-14,0.9998932
5.7800097e-12,5.4188374e-09,1.5521149e-12,5.806912e-21,9.9365214e-05,1.3009655e-12,3.2969856e-14,0.9999006
4.753735e-12,4.71139e-09,1.1625358e-12,4.0122848e-21,0.00010511546,1.2377112e-12,2.409749e-14,0.99989486
3.746723e-12,4.1303885e-09,9.096534e-13,2.6429083e-21,9.81243e-05,9.671768e-13,1.8535898e-14,0.9999019
3.0330341e-12,3.910413e-09,7.377953e-13,1.855074e-21,8.7598426e-05,6.7675504e-13,1.6264339e-14,0.9999124
1.9356185e-12,3.0651417e-09,4.7420536e-13,8.582387e-22,7.2276045e-05,3.9155476e-13,1.0365136e-14,0.99992776
9.754064e-13,1.8624555e-09,2.3367107e-13,2.6172895e-22,6.12527e-05,2.0645722e-13,4.578562e-15,0.9999387
4.7559786e-13,1.0399089e-09,1.1137776e-13,7.3993695e-23,5.4502103e-05,1.2320731e-13,1.742345e-15,0.9999455
2.2547861e-13,5.526066e-10,5.21258e-14,1.9771577e-23,4.866453e-05,7.751907e-14,6.0261746e-16,0.99995136
1.3508843e-13,3.6423944e-10,3.064116e-14,7.920478e-24,4.391207e-05,5.4488915e-14,2.9430493e-16,0.99995613
1.11404646e-13,3.3315017e-10,2.4522119e-14,5.6330995e-24,4.199488e-05,4.35728e-14,2.430357e-16,0.99995804
8.635398e-14,3.0135144e-10,1.951774e-14,3.674869e-24,3.726715e-05,3.1028995e-14,1.9485547e-16,0.9999627
6.523628e-14,2.689781e-10,1.4348806e-14,2.2721977e-24,3.3343866e-05,2.0937765e-14,1.5386139e-16,0.9999666
3.8042482e-14,1.8558932e-10,8.0037295e-15,8.866273e-25,2.9427942e-05,1.2269487e-14,8.278824e-17,0.99997056
1.9306234e-14,1.06124116e-10,3.9036703e-15,2.6589831e-25,2.5006215e-05,6.5653583e-15,3.5585346e-17,0.99997497
8.425915e-15,5.194504e-11,1.7011071e-15,6.1095514e-26,2.0242482e-05,3.3396519e-15,1.182924e-17,0.99997973
4.1199886e-15,2.8700181e-11,8.528714e-16,1.7243435e-26,1.647197e-05,1.9187448e-15,4.4795234e-18,0.99998355
2.9020317e-15,2.2917371e-11,6.041317e-16,9.3598146e-27,1.4836176e-05,1.3818695e-15,2.9525329e-18,0.9999852
2.401543e-15,2.1937277e-11,5.0254465e-16,6.838083e-27,1.38662745e-05,1.0714053e-15,2.5497737e-18,0.9999862
1.8449784e-15,1.9704153e-11,3.7776994e-16,4.356681e-27,1.2656577e-05,7.560693e-16,2.0251114e-18,0.99998736
1.1441336e-15,1.4168022e-11,2.2120555e-16,1.879601e-27,1.1161378e-05,4.3906638e-16,1.215462e-18,0.9999888
6.298252e-16,8.73554e-12,1.1475789e-16,6.481603e-28,9.72471e-06,2.4651046e-16,5.8850245e-19,0.9999902
2.9482117e-16,4.584677e-12,5.2485602e-17,1.6801057e-28,8.028293e-06,1.291422e-16,2.1854122e-19,0.999992
1.4093073e-16,2.4965748e-12,2.5787577e-17,4.5631046e-29,6.456514e-06,7.249679e-17,8.053877e-20,0.99999356
8.538536e-17,1.7481588e-12,1.6418695e-17,1.914402e-29,5.472694e-06,4.806524e-17,4.225892e-20,0.9999945
6.995108e-17,1.6487594e-12,1.3576681e-17,1.3729615e-29,5.1124316e-06,3.742455e-17,3.568006e-20,0.9999949
5.0981497e-17,1.4032374e-12,9.906994e-18,7.9991356e-30,4.599482e-06,2.6034929e-17,2.5967738e-20,0.99999535
3.4373924e-17,1.0820822e-12,6.1363025e-18,3.978636e-30,4.211974e-06,1.58066e-17,1.7714414e-20,0.9999958
2.0533682e-17,7.2060115e-13,3.351328e-18,1.578252e-30,3.7822865e-06,9.1340385e-18,9.813781e-21,0.9999962
1.0242334e-17,4.0356986e-13,1.5878827e-18,4.5617574e-31,3.1864831e-06,4.8406647e-18,4.074393e-21,0.9999968
5.0666136e-18,2.276102e-13,7.920402e-19,1.3128024e-31,2.593872e-06,2.72399e-18,1.5979011e-21,0.9999974
3.0020541e-18,1.5593185e-13,4.9578807e-19,5.2934503e-32,2.1799526e-06,1.794079e-18,8.059989e-22,0.99999785
2.2196562e-18,1.3361625e-13,3.853066e-19,3.1862386e-32,1.9568126e-06,1.3493795e-18,5.740977e-22,0.9999981
1.7568104e-18,1.2125683e-13,3.0223344e-19,2.1373125e-32,1.8198461e-06,1.01185e-18,4.6343647e-22,0.9999982
1.2052375e-18,9.466792e-14,1.9088768e-19,1.0953784e-32,1.6765083e-06,6.2859326e-19,3.2148e-22,0.99999833
7.2373837e-19,6.3621085e-14,1.0427513e-19,4.3887093e-33,1.5070692e-06,3.5964164e-19,1.8131968e-22,0.99999845
3.6210036e-19,3.6021384e-14,4.9056764e-20,1.2760772e-33,1.2680974e-06,1.8637623e-19,7.693921e-23,0.9999987
1.7960865e-19,2.0490733e-14,2.4184839e-20,3.6873974e-34,1.0334842e-06,1.02336756e-19,3.084611e-23,0.9999989
1.00630735e-19,1.3348539e-14,1.4441816e-20,1.3488398e-34,8.520008e-07,6.495499e-20,1.4344555e-23,0.99999917
6.067673e-20,9.52054e-15,9.780213e-21,5.7344454e-35,7.08256e-07,4.414718e-20,7.467195e-24,0.9999993
4.3748523e-20,7.915177e-15,7.295315e-21,3.2862138e-35,6.3573214e-07,3.2214853e-20,5.1607276e-24,0.9999994
2.610899e-20,5.448345e-15,4.2350125e-21,1.3303157e-35,5.5499066e-07,1.8897e-20,2.8696066e-24,0.9999994
1.9045793e-20,4.3419112e-15,2.6509006e-21,7.424234e-36,5.381452e-07,1.20608386e-20,2.1640032e-24,0.9999994
1.1833699e-20,2.9951885e-15,1.4401267e-21,3.121607e-36,4.8949363e-07,6.932645e-21,1.2827803e-24,0.9999995
6.72748e-21,1.933537e-15,7.72478e-22,1.1369373e-36,4.1862143e-07,4.025016e-21,6.3832534e-25,0.9999995
4.3617367e-21,1.4315101e-15,5.0542023e-22,5.3177537e-37,3.6502647e-07,2.7476303e-21,3.7031769e-25,0.99999964
2.8588277e-21,1.0898792e-15,3.618447e-22,2.600619e-37,3.1575286e-07,1.9700427e-21,2.172804e-25,0.99999964
1.7908115e-21,7.9613876e-16,2.467793e-22,1.1741152e-37,2.6980388e-07,1.3487313e-21,1.2075406e-25,0.99999976
1.019055e-21,5.250767e-16,1.3937486e-22,4.387716e-38,2.3123195e-07,7.7550454e-22,6.2319124e-26,0.99999976
5.793567e-22,3.3768038e-16,7.3684474e-23,1.6053326e-38,2.0306365e-07,4.3019985e-22,3.2459377e-26,0.99999976
3.431423e-22,2.243121e-16,3.8697392e-23,6.229185e-39,1.8107522e-07,2.3900335e-22,1.8023684e-26,0.99999976
2.1394233e-22,1.5775829e-16,2.2006256e-23,2.653509e-39,1.5985567e-07,1.4446494e-22,1.03600086e-26,0.9999999
1.48978e-22,1.2433426e-16,1.5073575e-23,1.399016e-39,1.4294046e-07,1.02620504e-22,6.668746e-27,0.9999999
1.0585703e-22,1.0113086e-16,1.14150405e-23,7.83682e-40,1.2775372e-07,7.762294e-23,4.3817368e-27,0.9999999
6.8056867e-23,7.512455e-17,7.9779854e-24,3.69869e-40,1.1070196e-07,5.4676675e-23,2.5099403e-27,0.9999999
3.3336344e-23,4.340534e-17,4.0818665e-24,1.07262e-40,8.9697586e-08,2.904499e-23,1.0345944e-27,0.9999999
1.8232557e-23,2.7075365e-17,2.0946265e-24,3.677e-41,7.7576765e-08,1.561031e-23,5.12652e-28,0.9999999
8.8944185e-24,1.5234614e-17,9.599708e-25,1.0273e-41,6.424939e-08,7.702324e-24,2.1509797e-28,0.9999999
5.6038012e-24,1.0844332e-17,5.462097e-25,4.453e-42,5.6971782e-08,4.6250785e-24,1.2666491e-28,1.0
4.3274416e-24,9.359175e-18,4.0007313e-25,2.794e-42,5.2882584e-08,3.4750885e-24,9.497844e-29,1.0
3.500287e-24,8.501365e-18,3.3186972e-25,1.949e-42,4.962423e-08,2.8505698e-24,7.5107765e-29,1.0
2.3261414e-24,6.4665353e-18,2.395553e-25,9.74e-43,4.3612847e-08,2.0832552e-24,4.4651897e-29,1.0
1.0700387e-24,3.530295e-18,1.1826455e-25,2.54e-43,3.4495734e-08,1.079802e-24,1.6657848e-29,1.0
5.1427854e-25,1.9718958e-18,5.551751e-26,7e-44,2.8364266e-08,5.375077e-25,6.8357415e-30,1.0
2.5482537e-25,1.1297369e-18,2.5614093e-26,2e-44,2.3619178e-08,2.6412771e-25,2.9646573e-30,1.0
1.5157458e-25,7.666143e-19,1.3913822e-26,8e-45,2.0512637e-08,1.5166422e-25,1.617116e-30,1.0
1.213456e-25,6.824966e-19,1.0387236e-26,6e-45,1.9314216e-08,1.1575566e-25,1.2813832e-30,1.0
1.0622823e-25,6.625844e-19,9.090234e-27,4e-45,1.8688656e-08,9.965448e-26,1.1350521e-30,1.0
7.868326e-26,5.5229376e-19,7.11454e-27,3e-45,1.71313e-08,7.827551e-26,7.8700174e-31,1.0
3.697558e-26,3.0667628e-19,3.588706e-27,0.0,1.3661964e-08,4.1459213e-26,3.0132154e-31,1.0
1.561946e-26,1.5335883e-19,1.54571035e-27,0.0,1.0671573e-08,1.920186e-26,1.0211201e-31,1.0
7.52455e-27,8.602946e-20,6.987664e-28,0.0,8.7791e-09,9.2245835e-27,4.2703238e-32,1.0
4.005232e-27,5.3065142e-20,3.5028982e-28,0.0,7.310296e-09,4.9427644e-27,1.9843554e-32,1.0
3.3757554e-27,4.9369784e-20,2.6974702e-28,0.0,7.0251764e-09,3.873705e-27,1.6979566e-32,1.0
3.2557957e-27,5.205267e-20,2.5174572e-28,0.0,7.0578663e-09,3.5263492e-27,1.7328071e-32,1.0
2.7201634e-27,4.8100094e-20,2.1482904e-28,0.0,6.77941e-09,2.9812196e-27,1.4316131e-32,1.0
1.3356816e-27,2.7728823e-20,1.120666e-28,0.0,5.5030287e-09,1.624129e-27,5.8430085e-33,1.0
5.168404e-28,1.28671894e-20,4.5495075e-29,0.0,4.1540464e-09,7.145489e-28,1.7422645e-33,1.0
2.1326297e-28,6.3249267e-21,1.848645e-29,0.0,3.215072e-09,3.132297e-28,5.8103097e-34,1.0
1.1785408e-28,4.039153e-21,9.473776e-30,0.0,2.7151499e-09,1.7016886e-28,2.8686197e-34,1.0
9.51605e-29,3.6133745e-21,7.0647406e-30,0.0,2.5676827e-09,1.3045956e-28,2.2959618e-34,1.0
9.6123675e-29,3.95514e-21,6.8001096e-30,0.0,2.627591e-09,1.2250493e-28,2.4972868e-34,1.0
8.7448185e-29,3.9282702e-21,6.181187e-30,0.0,2.6082074e-09,1.0950733e-28,2.3292905e-34,1.0
4.661875e-29,2.4332915e-21,3.4228597e-30,0.0,2.1846656e-09,6.2603773e-29,1.0736928e-34,1.0
1.7636797e-29,1.1093009e-21,1.3679856e-30,0.0,1.6351408e-09,2.7065807e-29,3.1100923e-35,1.0
6.3846526e-30,4.8786925e-22,5.071273e-31,0.0,1.2024667e-09,1.0948264e-29,8.58478e-36,1.0
3.315778e-30,2.9561769e-22,2.4790195e-31,0.0,9.917593e-10,5.699592e-30,3.8848747e-36,1.0
2.4195721e-30,2.416547e-22,1.7186346e-31,0.0,9.0282454e-10,4.1334214e-30,2.6685056e-36,1.0
2.6481915e-30,2.8288211e-22,1.7454061e-31,0.0,9.534746e-10,4.0781657e-30,3.2546633e-36,1.0
2.7530742e-30,3.1511224e-22,1.746405e-31,0.0,9.95527e-10,3.959787e-30,3.6808485e-36,1.0
1.6712769e-30,2.18737e-22,1.0631345e-31,0.0,8.753714e-10,2.4453491e-30,2.0540533e-36,1.0
6.711941e-31,1.05255066e-22,4.4317697e-32,0.0,6.701984e-10,1.0896634e-30,6.5248017e-37,1.0
2.3424908e-31,4.4936543e-23,1.6003975e-32,0.0,4.8600174e-10,4.2931767e-31,1.7142424e-37,1.0
1.0352478e-31,2.3685676e-23,6.975315e-33,0.0,3.7677705e-10,2.0287732e-31,6.1287565e-38,1.0
7.665186e-32,1.9595557e-23,4.8582737e-33,0.0,3.449688e-10,1.4790709e-31,4.3026541e-38,1.0
8.3478854e-32,2.2785678e-23,4.904378e-33,0.0,3.6385964e-10,1.458909e-31,5.1914964e-38,1.0
9.0727505e-32,2.6334326e-23,5.077346e-33,0.0,3.865428e-10,1.4622518e-31,6.243249e-38,1.0
5.860222e-32,1.9301106e-23,3.243402e-33,0.0,3.478323e-10,9.393087e-32,3.8130747e-38,1.0
2.4873828e-32,9.766187e-24,1.4071555e-33,0.0,2.7178118e-10,4.309205e-32,1.3182159e-38,1.0
8.303956e-33,4.0175566e-24,4.931748e-34,0.0,1.9376553e-10,1.6510735e-32,3.252313e-39,1.0
2.9316453e-33,1.741628e-24,1.8391234e-34,0.0,1.37855e-10,6.862354e-33,8.3418e-40,1.0
1.8836358e-33,1.2713522e-24,1.1581609e-34,0.0,1.1955276e-10,4.6241402e-33,4.73279e-40,1.0
1.7391702e-33,1.2754471e-24,1.0419219e-34,0.0,1.1857262e-10,4.179252e-33,4.4457e-40,1.0
2.2514778e-33,1.7137045e-24,1.2183811e-34,0.0,1.3490324e-10,4.638804e-33,6.91633e-40,1.0
1.855664e-33,1.5569684e-24,9.2290156e-35,0.0,1.3304706e-10,3.4116567e-33,6.07984e-40,1.0
9.349108e-34,9.183898e-25,4.5078598e-35,0.0,1.1075523e-10,1.7125463e-33,2.72575e-40,1.0
3.6374975e-34,4.3320144e-25,1.753424e-35,0.0,8.362222e-11,7.0997935e-34,8.4905e-41,1.0
1.3417078e-34,1.951341e-25,6.719635e-36,0.0,6.060789e-11,3.0106024e-34,2.3323e-41,1.0
7.13163e-35,1.2043023e-25,3.7051637e-36,0.0,4.892642e-11,1.8295509e-34,9.946e-42,1.0
6.237093e-35,1.1497188e-25,3.2040332e-36,0.0,4.7537026e-11,1.6094568e-34,8.584e-42,1.0
6.5097924e-35,1.2765319e-25,3.2434586e-36,0.0,4.9821418e-11,1.5983215e-34,9.63e-42,1.0
5.1708504e-35,1.1219895e-25,2.4070995e-36,0.0,4.8489036e-11,1.1574807e-34,7.996e-42,1.0
2.905346e-35,7.2993096e-26,1.26885885e-36,0.0,4.2038106e-11,6.1484594e-35,4.235e-42,1.0
1.2185524e-35,3.6874446e-26,5.1924296e-37,0.0,3.2620507e-11,2.6414147e-35,1.483e-42,1.0
4.760938e-36,1.7494568e-26,2.0641772e-37,0.0,2.4170492e-11,1.1490116e-35,4.46e-43,1.0
2.522003e-36,1.0751235e-26,1.1316196e-37,0.0,1.9504096e-11,6.9644295e-36,1.89e-43,1.0
1.9635385e-36,9.249107e-27,9.012083e-38,0.0,1.8135764e-11,5.7617458e-36,1.36e-43,1.0
2.04831e-36,1.0246932e-26,9.1411603e-38,0.0,1.9004305e-11,5.7547168e-36,1.53e-43,1.0
1.5460511e-36,8.608266e-27,6.583729e-38,0.0,1.8138808e-11,4.0740795e-36,1.16e-43,1.0
8.5629605e-37,5.5365837e-27,3.4471923e-38,0.0,1.5641403e-11,2.1465286e-36,6e-44,1.0
3.7095886e-37,2.8831221e-27,1.4425398e-38,0.0,1.2280544e-11,9.351768e-37,2.2e-44,1.0
1.5015676e-37,1.4130068e-27,5.862682e-39,0.0,9.222612e-12,4.1252944e-37,7e-45,1.0
7.9246674e-38,8.649308e-28,3.194204e-39,0.0,7.433766e-12,2.49088e-37,3e-45,1.0
5.1770994e-38,6.369382e-28,2.247146e-39,0.0,6.464878e-12,1.8729846e-37,1e-45,1.0
4.6695962e-38,6.203824e-28,2.066886e-39,0.0,6.4074514e-12,1.7352964e-37,1e-45,1.0
3.1591004e-38,4.7325284e-28,1.38885e-39,0.0,5.867753e-12,1.1629272e-37,1e-45,1.0
2.2155772e-38,3.7459097e-28,8.57096e-40,0.0,5.5420993e-12,6.974632e-38,1e-45,1.0
1.2123516e-38,2.4005621e-28,4.2102e-40,0.0,4.7480275e-12,3.439862e-38,0.0,1.0
5.775886e-39,1.3602335e-28,1.90924e-40,0.0,3.789055e-12,1.6499352e-38,0.0,1.0
3.525479e-39,9.456197e-29,1.1444e-40,0.0,3.2270963e-12,1.076545e-38,0.0,1.0
2.475003e-39,7.3957997e-29,8.4145e-41,0.0,2.889872e-12,8.429616e-39,0.0,1.0
1.965761e-39,6.428769e-29,7.1018e-41,0.0,2.732081e-12,7.319867e-39,0.0,1.0
1.3197e-39,4.8718685e-29,4.7713e-41,0.0,2.4944964e-12,4.903354e-39,0.0,1.0
6.99237e-40,3.0201e-29,2.439e-41,0.0,2.1157358e-12,2.521239e-39,0.0,1.0
3.68876e-40,1.876382e-29,1.1705e-41,0.0,1.788069e-12,1.216868e-39,0.0,1.0
1.91873e-40,1.1501552e-29,5.629e-42,0.0,1.474674e-12,6.09625e-40,0.0,1.0
1.23806e-40,8.393941e-30,3.493e-42,0.0,1.2821479e-12,4.09298e-40,0.0,1.0
9.0276e-41,6.776597e-30,2.622e-42,0.0,1.1647266e-12,3.27164e-40,0.0,1.0
7.173e-41,5.8822215e-30,2.215e-42,0.0,1.1019924e-12,2.8539e-40,0.0,1.0
4.025e-41,3.8075375e-30,1.324e-42,0.0,9.400705e-13,1.74193e-40,0.0,1.0
2.1415e-41,2.3713797e-30,6.8e-43,0.0,7.984395e-13,8.9707e-41,0.0,1.0
9.383e-42,1.2521298e-30,2.89e-43,0.0,6.295681e-13,3.9096e-41,0.0,1.0
5.171e-42,8.078931e-31,1.44e-43,0.0,5.3123863e-13,2.014e-41,0.0,1.0
3.781e-42,6.583376e-31,9.7e-44,0.0,4.8386994e-13,1.4435e-41,0.0,1.0
3.118e-42,5.918479e-31,7.8e-44,0.0,4.5981535e-13,1.2313e-41,0.0,1.0
2.487e-42,5.149444e-31,6.7e-44,0.0,4.3586125e-13,1.0804e-41,0.0,1.0
1.373e-42,3.2828896e-31,3.9e-44,0.0,3.695679e-13,6.568e-42,0.0,1.0
6.25e-43,1.7835286e-31,1.8e-44,0.0,2.956811e-13,3.107e-42,0.0,1.0
2.91e-43,9.963403e-32,8e-45,0.0,2.3877214e-13,1.398e-42,0.0,1.0
1.54e-43,6.222203e-32,4e-45,0.0,1.988019e-13,7.03e-43,0.0,1.0
1.16e-43,5.1866425e-32,3e-45,0.0,1.8292145e-13,5.11e-43,0.0,1.0
1e-43,4.8374343e-32,3e-45,0.0,1.7651951e-13,4.46e-43,0.0,1.0
8.5e-44,4.4444674e-32,1e-45,0.0,1.7126554e-13,4.05e-43,0.0,1.0
4.6e-44,2.8090636e-32,1e-45,0.0,1.4475357e-13,2.47e-43,0.0,1.0
2e-44,1.3931252e-32,0.0,0.0,1.11283175e-13,1.1e-43,0.0,1.0
8e-45,7.508412e-33,0.0,0.0,8.845403e-14,4.9e-44,0.0,1.0
4e-45,4.231162e-33,0.0,0.0,7.054215e-14,2.2e-44,0.0,1.0
3e-45,3.7281233e-33,0.0,0.0,6.6529864e-14,1.7e-44,0.0,1.0
3e-45,3.8183972e-33,0.0,0.0,6.678108e-14,1.5e-44,0.0,1.0
3e-45,3.8839175e-33,0.0,0.0,6.7622164e-14,1.5e-44,0.0,1.0
1e-45,2.6015378e-33,0.0,0.0,5.8613264e-14,1e-44,0.0,1.0
0.0,1.2679947e-33,0.0,0.0,4.4736123e-14,4e-45,0.0,1.0
0.0,6.029609e-34,0.0,0.0,3.3672765e-14,1e-45,0.0,1.0
0.0,3.4683298e-34,0.0,0.0,2.7099176e-14,1e-45,0.0,1.0
0.0,3.0227318e-34,0.0,0.0,2.5449552e-14,0.0,0.0,1.0
0.0,3.1540254e-34,0.0,0.0,2.5745812e-14,0.0,0.0,1.0
0.0,3.3471869e-34,0.0,0.0,2.6537344e-14,0.0,0.0,1.0
0.0,2.3732574e-34,0.0,0.0,2.3566278e-14,0.0,0.0,1.0
0.0,1.1254522e-34,0.0,0.0,1.778401e-14,0.0,0.0,1.0
0.0,4.479575e-35,0.0,0.0,1.2395837e-14,0.0,0.0,1.0
0.0,2.306926e-35,0.0,0.0,9.518441e-15,0.0,0.0,1.0
0.0,1.7714826e-35,0.0,0.0,8.481909e-15,0.0,0.0,1.0
0.0,1.8515894e-35,0.0,0.0,8.598867e-15,0.0,0.0,1.0
0.0,2.2971609e-35,0.0,0.0,9.467959e-15,0.0,0.0,1.0
0.0,1.9394869e-35,0.0,0.0,9.044803e-15,0.0,0.0,1.0
0.0,1.0387346e-35,0.0,0.0,7.185499e-15,0.0,0.0,1.0
0.0,4.092959e-36,0.0,0.0,4.989416e-15,0.0,0.0,1.0
0.0,1.613377e-36,0.0,0.0,3.414292e-15,0.0,0.0,1.0
0.0,9.81546e-37,0.0,0.0,2.7507541e-15,0.0,0.0,1.0
0.0,8.992478e-37,0.0,0.0,2.6369516e-15,0.0,0.0,1.0
0.0,1.3043215e-36,0.0,0.0,3.1124503e-15,0.0,0.0,1.0
0.0,1.5285638e-36,0.0,0.0,3.4191404e-15,0.0,0.0,1.0
0.0,9.859666e-37,0.0,0.0,2.9364402e-15,0.0,0.0,1.0
0.0,4.852781e-37,0.0,0.0,2.2410957e-15,0.0,0.0,1.0
0.0,2.2282327e-37,0.0,0.0,1.6410097e-15,0.0,0.0,1.0
0.0,1.3789466e-37,0.0,0.0,1.3351904e-15,0.0,0.0,1.0
0.0,1.1531995e-37,0.0,0.0,1.2310114e-15,0.0,0.0,1.0
0.0,1.3865212e-37,0.0,0.0,1.3371069e-15,0.0,0.0,1.0
0.0,1.2965671e-37,0.0,0.0,1.3330224e-15,0.0,0.0,1.0
0.0,8.242614e-38,0.0,0.0,1.1374924e-15,0.0,0.0,1.0
0.0,4.0263035e-38,0.0,0.0,8.653057e-16,0.0,0.0,1.0
0.0,1.7880522e-38,0.0,0.0,6.2502296e-16,0.0,0.0,1.0
0.0,1.076816e-38,0.0,0.0,5.0289484e-16,0.0,0.0,1.0
0.0,9.12976e-39,0.0,0.0,4.663453e-16,0.0,0.0,1.0
0.0,1.0199759e-38,0.0,0.0,4.908145e-16,0.0,0.0,1.0
0.0,1.0218997e-38,0.0,0.0,5.0370895e-16,0.0,0.0,1.0
0.0,7.000671e-39,0.0,0.0,4.434444e-16,0.0,0.0,1.0
0.0,3.578022e-39,0.0,0.0,3.4375657e-16,0.0,0.0,1.0
0.0,1.633159e-39,0.0,0.0,2.513423e-16,0.0,0.0,1.0
0.0,9.3406e-40,0.0,0.0,1.980409e-16,0.0,0.0,1.0
0.0,7.21229e-40,0.0,0.0,1.764775e-16,0.0,0.0,1.0
0.0,8.06796e-40,0.0,0.0,1.8576137e-16,0.0,0.0,1.0
0.0,7.02911e-40,0.0,0.0,1.7965092e-16,0.0,0.0,1.0
0.0,4.96386e-40,0.0,0.0,1.6028665e-16,0.0,0.0,1.0
0.0,2.76054e-40,0.0,0.0,1.2874385e-16,0.0,0.0,1.0
0.0,1.37235e-40,0.0,0.0,9.75881e-17,0.0,0.0,1.0
0.0,7.8491e-41,0.0,0.0,7.694159e-17,0.0,0.0,1.0
0.0,5.4501e-41,0.0,0.0,6.552855e-17,0.0,0.0,1.0
0.0,5.588e-41,0.0,0.0,6.642351e-17,0.0,0.0,1.0
0.0,4.9808e-41,0.0,0.0,6.484918e-17,0.0,0.0,1.0
0.0,3.4496e-41,0.0,0.0,5.7419444e-17,0.0,0.0,1.0
0.0,2.0184e-41,0.0,0.0,4.7142664e-17,0.0,0.0,1.0
0.0,1.0768e-41,0.0,0.0,3.6824992e-17,0.0,0.0,1.0
0.0,6.637e-42,0.0,0.0,2.9972102e-17,0.0,0.0,1.0
0.0,4.588e-42,0.0,0.0,2.548303e-17,0.0,0.0,1.0
0.0,4.1e-42,0.0,0.0,2.4340948e-17,0.0,0.0,1.0
0.0,3.653e-42,0.0,0.0,2.3750078e-17,0.0,0.0,1.0
0.0,2.384e-42,0.0,0.0,2.0503546e-17,0.0,0.0,1.0
0.0,1.492e-42,0.0,0.0,1.7342553e-17,0.0,0.0,1.0
0.0,8.69e-43,0.0,0.0,1.4054394e-17,0.0,0.0,1.0
0.0,5.82e-43,0.0,0.0,1.185523e-17,0.0,0.0,1.0
0.0,4.16e-43,0.0,0.0,1.0232331e-17,0.0,0.0,1.0
0.0,3.52e-43,0.0,0.0,9.545515e-18,0.0,0.0,1.0
0.0,2.8e-43,0.0,0.0,8.86163e-18,0.0,0.0,1.0
0.0,1.89e-43,0.0,0.0,7.770343e-18,0.0,0.0,1.0
0.0,1.16e-43,0.0,0.0,6.507887e-18,0.0,0.0,1.0
0.0,6.9e-44,0.0,0.0,5.334569e-18,0.0,0.0,1.0
0.0,4.9e-44,0.0,0.0,4.590483e-18,0.0,0.0,1.0
0.0,3.6e-44,0.0,0.0,4.0372643e-18,0.0,0.0,1.0
0.0,3e-44,0.0,0.0,3.7251525e-18,0.0,0.0,1.0
0.0,2.1e-44,0.0,0.0,3.3082177e-18,0.0,0.0,1.0
0.0,1.4e-44,0.0,0.0,2.8667179e-18,0.0,0.0,1.0
0.0,8e-45,0.0,0.0,2.2933372e-18,0.0,0.0,1.0
0.0,4e-45,0.0,0.0,1.8979533e-18,0.0,0.0,1.0
0.0,4e-45,0.0,0.0,1.6964797e-18,0.0,0.0,1.0
0.0,3e-45,0.0,0.0,1.5578703e-18,0.0,0.0,1.0
0.0,3e-45,0.0,0.0,1.4575112e-18,0.0,0.0,1.0
0.0,1e-45,0.0,0.0,1.2837394e-18,0.0,0.0,1.0
0.0,1e-45,0.0,0.0,1.0573134e-18,0.0,0.0,1.0
0.0,0.0,0.0,0.0,8.638302e-19,0.0,0.0,1.0
0.0,0.0,0.0,0.0,7.180224e-19,0.0,0.0,1.0
0.0,0.0,0.0,0.0,6.4990764e-19,0.0,0.0,1.0
0.0,0.0,0.0,0.0,6.044048e-19,0.0,0.0,1.0
0.0,0.0,0.0,0.0,5.75255e-19,0.0,0.0,1.0
0.0,0.0,0.0,0.0,5.013484e-19,0.0,0.0,1.0
0.0,0.0,0.0,0.0,3.9342576e-19,0.0,0.0,1.0
0.0,0.0,0.0,0.0,3.1585649e-19,0.0,0.0,1.0
0.0,0.0,0.0,0.0,2.4632733e-19,0.0,0.0,1.0
0.0,0.0,0.0,0.0,2.2171964e-19,0.0,0.0,1.0
0.0,0.0,0.0,0.0,2.1428738e-19,0.0,0.0,1.0
0.0,0.0,0.0,0.0,2.1558448e-19,0.0,0.0,1.0
0.0,0.0,0.0,0.0,1.955341e-19,0.0,0.0,1.0
0.0,0.0,0.0,0.0,1.5239136e-19,0.0,0.0,1.0
0.0,0.0,0.0,0.0,1.1388881e-19,0.0,0.0,1.0
0.0,0.0,0.0,0.0,9.0965795e-20,0.0,0.0,1.0
0.0,0.0,0.0,0.0,7.883312e-20,0.0,0.0,1.0
0.0,0.0,0.0,0.0,7.812601e-20,0.0,0.0,1.0
0.0,0.0,0.0,0.0,8.107163e-20,0.0,0.0,1.0
0.0,0.0,0.0,0.0,7.654013e-20,0.0,0.0,1.0
0.0,0.0,0.0,0.0,6.057825e-20,0.0,0.0,1.0
0.0,0.0,0.0,0.0,4.384244e-20,0.0,0.0,1.0
0.0,0.0,0.0,0.0,3.3130894e-20,0.0,0.0,1.0
0.0,0.0,0.0,0.0,2.9386402e-20,0.0,0.0,1.0
0.0,0.0,0.0,0.0,2.8613176e-20,0.0,0.0,1.0
0.0,0.0,0.0,0.0,3.0024352e-20,0.0,0.0,1.0
0.0,0.0,0.0,0.0,2.9054457e-20,0.0,0.0,1.0
0.0,0.0,0.0,0.0,2.3731655e-20,0.0,0.0,1.0
0.0,0.0,0.0,0.0,1.7100576e-20,0.0,0.0,1.0
0.0,0.0,0.0,0.0,1.2347661e-20,0.0,0.0,1.0
0.0,0.0,0.0,0.0,1.0736349e-20,0.0,0.0,1.0
0.0,0.0,0.0,0.0,9.982519e-21,0.0,0.0,1.0
0.0,0.0,0.0,0.0,1.0363876e-20,0.0,0.0,1.0
0.0,0.0,0.0,0.0,1.0332217e-20,0.0,0.0,1.0
0.0,0.0,0.0,0.0,8.863475e-21,0.0,0.0,1.0
0.0,0.0,0.0,0.0,6.554492e-21,0.0,0.0,1.0
0.0,0.0,0.0,0.0,4.7002147e-21,0.0,0.0,1.0
0.0,0.0,0.0,0.0,3.8577466e-21,0.0,0.0,1.0
0.0,0.0,0.0,0.0,3.660056e-21,0.0,0.0,1.0
0.0,0.0,0.0,0.0,3.8448764e-21,0.0,0.0,1.0
0.0,0.0,0.0,0.0,3.9134476e-21,0.0,0.0,1.0
0.0,0.0,0.0,0.0,3.4228625e-21,0.0,0.0,1.0
0.0,0.0,0.0,0.0,2.588329e-21,0.0,0.0,1.0
0.0,0.0,0.0,0.0,1.8255406e-21,0.0,0.0,1.0
0.0,0.0,0.0,0.0,1.4363528e-21,0.0,0.0,1.0
0.0,0.0,0.0,0.0,1.3380008e-21,0.0,0.0,1.0
0.0,0.0,0.0,0.0,1.3285408e-21,0.0,0.0,1.0
0.0,0.0,0.0,0.0,1.3294534e-21,0.0,0.0,1.0
0.0,0.0,0.0,0.0,1.1953294e-21,0.0,0.0,1.0
0.0,0.0,0.0,0.0,9.489656e-22,0.0,0.0,1.0
0.0,0.0,0.0,0.0,6.861215e-22,0.0,0.0,1.0
0.0,0.0,0.0,0.0,5.3684865e-22,0.0,0.0,1.0
0.0,0.0,0.0,0.0,4.7365885e-22,0.0,0.0,1.0
0.0,0.0,0.0,0.0,4.80509e-22,0.0,0.0,1.0
