forecast_step,MLP_TiB,LSTM_TiB,GRU_TiB,PINN_TiB,TFKAN_TiB,ETS_TiB,ARIMA_TiB,PROPHET_TiB,MOE_TiB
1,369.35458383226415,367.6383052792551,370.43353548908254,369.1514720644953,3.7782464291650414e-07,370.46761207434884,369.08380343674884,359.45826880276184,370.0240783691406
2,365.88652619981787,364.27842340135595,367.02752098703405,366.8673416104319,3.730019141567385e-07,370.63361215633836,372.1993962818198,359.1520397042819,369.4831237792969
3,365.3063150372507,361.26759442949316,360.2160778965952,364.15792760515234,3.676476934536135e-07,370.7996122383278,377.13267754008206,359.1159555627601,369.2144470214844
4,364.7256337132456,359.28561410570165,356.71570214891454,361.9602347340586,3.62562905367676e-07,370.9656123203173,380.18749227228693,359.2570653874148,369.2386779785156
5,365.91022405290624,358.55062780046484,357.2649813618662,360.89559850358984,3.6565839364892597e-07,371.13161240230676,379.206149213678,359.3071364354937,369.5586242675781
6,367.500547739506,358.8585434880259,359.1422644581797,361.12827787065527,3.69764661227051e-07,371.2976124842963,375.13191700767914,359.0554563333304,369.4806823730469
7,368.5647371735575,359.82793244981787,362.5374413456919,362.15384111070654,3.711631231411135e-07,371.46361256628575,371.19654342287004,358.5553760655932,369.2989196777344
8,366.7684722867014,360.98788556718847,364.6719742741587,363.3072596516611,3.70801854586426e-07,371.6296126482752,370.4212050170289,358.0974667482551,369.3511962890625
9,364.8685494389536,362.0449744191172,363.7448922123911,364.43643817567846,3.688167110317385e-07,371.79561273026474,373.3577231628005,357.9588135204682,369.56866455078125
10,365.40896234178564,362.862413975239,360.76254186296484,365.48474845552465,3.6749238388330097e-07,371.9616128122542,377.7561467556777,358.15907017255694,370.25970458984375
11,366.1115346875193,363.3858381237986,358.7128506627085,366.45196303987524,3.68122282320801e-07,372.12761289424367,380.34438629236666,358.45923420805366,370.92596435546875
12,367.159804436207,363.57978400850317,358.3819638218882,367.25544438028356,3.692767207973635e-07,372.29361297623313,379.31570471606005,358.6123406922981,370.9920654296875
13,368.27863797807714,363.5218034710886,360.1414233174326,367.67220863962194,3.71106096773926e-07,372.45961305822266,375.6353150802015,358.62831689558703,370.8508605957031
14,367.7308517422678,363.38498410844824,363.29592189455053,367.77882966661474,3.700554629848635e-07,372.6256131402121,372.22517351780465,358.78885420662004,370.3670959472656
15,366.0301886525156,363.3031426396372,366.31434640550634,367.70305452013037,3.678166856411135e-07,372.7916132222016,371.7082503212718,359.3779299898012,369.9402160644531
16,363.38182267808935,363.42639217042944,366.11821231508276,367.59685787820837,3.65527473727051e-07,372.95761330419106,374.4513756538525,360.36848989289473,370.11248779296875
17,363.4377518620493,363.72169837617895,365.4731675114634,367.56808266305944,3.644875157192385e-07,373.1236133861806,378.3645209075042,361.36402730231674,370.96600341796875
18,364.26294097566625,364.21396550798437,363.30948743486425,367.67562517786047,3.66860915133301e-07,373.28961346817005,380.54913721585837,361.87226273659235,371.6230773925781
19,367.0606935944559,364.8584824528696,361.7941723790171,367.92777118349096,3.702705997036135e-07,373.4556135501595,379.4984797353825,361.6866454442318,371.7579650878906
20,369.37353548669836,365.50109014177343,362.1436596837046,368.29920825624487,3.731546001918947e-07,373.62161363214904,376.18166063921757,361.04803370703803,371.7793273925781
21,369.76534006261846,366.04607209825537,364.80079183244726,368.7572668519022,3.723224102504885e-07,373.7876137141385,373.2352787605418,360.4498176190768,371.7123718261719
22,369.99598944449446,366.5130725827219,367.6771441426279,369.26861688756964,3.717294200161135e-07,373.95361379612797,372.93122033048263,360.25966451247314,371.8079528808594
23,368.59172317647955,366.98042258882543,369.0074656929972,369.7894615855219,3.68425475680176e-07,374.11961387811743,375.4849553202516,360.4784538501927,371.9497985839844
24,368.53431031370184,367.83337912225744,368.0548516240122,370.3271489467623,3.665975293911135e-07,374.28561396010696,378.9617425091999,360.81620202068956,372.171142578125
25,369.667891117573,368.69490799570104,365.4641576733591,370.8017244067194,3.685484825161135e-07,374.4516140420964,380.7984066996062,360.977561794134,372.35528564453125
26,371.746246668339,369.57840368413946,363.5023089375498,371.19700488710424,3.72589200289551e-07,374.6176141240859,379.7462240017333,360.8838720319163,372.4703369140625
27,373.73596224451086,370.47671935224554,363.43975791597387,371.51396772527715,3.760103101528322e-07,374.7836142060754,376.76403042474436,360.6548908200287,372.5562744140625
28,374.4388824429514,371.3715122666361,365.4744540181162,371.7711009707453,3.7746226120263695e-07,374.9496142880649,374.22640219651373,360.419333924423,372.6348571777344
29,373.4095455136301,372.2246707406046,368.97384986543676,371.99864265584966,3.764787527797854e-07,375.11561437005435,374.09625055360596,360.17442917046395,372.7173767089844
30,371.7689048972132,373.00055369997045,372.72039112710974,372.2300330128672,3.736685137661135e-07,375.2816144520438,376.4663715076059,359.8340000367104,372.81353759765625
31,371.77321979665777,373.7078946557047,373.25595221185705,372.49320873880407,3.715391016567385e-07,375.44761453403333,379.5515048094896,359.3897519452121,372.93231201171875
32,373.10849008226415,374.3869834866526,372.29076060915014,372.80305514001867,3.7237105429345727e-07,375.6136146160228,381.0890412458208,358.9873066466113,373.0439758300781
33,375.19516477251074,375.0793353047373,370.665311786175,373.1592288937571,3.74603860445801e-07,375.77961469801227,380.0515278321654,358.8121146513913,373.1390075683594
34,377.04133567476293,375.8102408375742,368.65313002729437,373.55055555963537,3.7765991855126977e-07,375.9456147800018,377.37645552184455,358.89116076806783,373.23175048828125
35,377.87012443208715,376.5882612195017,368.28661355638525,373.96025023126623,3.7852308487207055e-07,376.11161486199126,375.1984443753553,359.02314598519064,373.321533203125
36,376.8126445736887,377.4103213276865,370.2608301367762,374.37122068071386,3.781746437709963e-07,376.2776149439807,375.20899209769163,358.9349149504541,373.4095458984375
37,375.1620455708506,378.26663741731664,374.3065596547129,374.76971397066137,3.764253731411135e-07,376.4436150259702,377.4025984514882,358.5335591357498,373.5001220703125
38,375.13822278642675,379.1429396595957,376.7675038304331,375.14688739442846,3.7566354355126975e-07,376.6096151079597,380.1368314568778,358.011844047292,373.59942626953125
39,376.54559096956274,380.02295217180273,376.53314408922216,375.50037440919897,3.774173349331057e-07,376.7756151899492,381.4179766611023,357.6913700880806,373.69744873046875
40,378.80728444719335,380.8927813496592,376.310487362385,375.83363446855566,3.7974376730615253e-07,376.94161527193864,380.40773776798113,357.73949629149814,373.79071044921875
41,380.9880495991709,381.74377355241796,374.9507790532114,376.1541486706736,3.82250954195801e-07,377.10761535392817,378.0138010691607,358.02767066138375,373.8843078613281
42,382.1179047551157,382.57461175584814,373.7262669529917,376.47090682649633,3.825479739711916e-07,377.27361543591763,376.1515896930194,358.2733345841379,373.9743347167969
43,381.57274636888525,383.39130887651464,373.91239270830175,376.7920299496653,3.81260776461426e-07,377.4396155179071,376.27463498518904,358.33604880997524,374.0604248046875
44,379.8689089741709,384.2042418446543,376.3262792553904,377.123035522938,3.7865139486962913e-07,377.60561559989657,378.2997747038163,358.38046918605994,374.14654541015625
45,379.4899388279917,385.02245816850683,379.5505610432627,377.4660688366892,3.77813692477051e-07,377.7716156818861,380.7201748592903,358.73369932339307,374.23773193359375
46,380.430896851063,385.84891519212744,381.21300611162206,377.82012900972387,3.797576164272463e-07,377.93761576387556,381.782261620285,359.55295028244205,374.33026123046875
47,382.4214926686289,386.6810389485361,380.2603426899912,378.18197641038915,3.8265350155908224e-07,378.103615845865,380.8088901340852,360.6109059136649,374.4219970703125
48,384.6353379216196,387.51440915727636,378.5591469731333,378.54729852342626,3.8571210312158225e-07,378.2696159278545,378.67166260577324,361.41424689820604,374.5146484375
49,385.8482314076426,388.3491450276377,376.77998408937475,378.9120818104746,3.864972930629885e-07,378.435616009844,377.08624448400167,361.572902590689,374.6055603027344
50,385.08175763750097,389.1842909779551,376.4158259358408,379.2731181111338,3.850469258754885e-07,378.6016160918335,377.29793304110905,361.10666987856894,374.6929931640625
51,383.5110980000498,390.0199061360361,378.2096777882578,379.62863645219824,3.8244817685205097e-07,378.76761617382294,379.16329329044834,360.42566830515807,374.7799072265625
52,383.34288129472753,390.8566428151133,381.7889710392954,379.9783946003916,3.8088538864404316e-07,378.93361625581247,381.30350184973986,360.00632517928113,374.8690490722656
53,384.3829937901499,391.6955405201914,385.6963759388926,380.32343778276464,3.823335115688479e-07,379.09961633780193,382.1790747461005,360.04414027346394,374.9595031738281
54,386.3430472340586,392.5364581074717,387.16625890398046,380.6656342473032,3.851478550747072e-07,379.2656164197914,381.24964898524814,360.3663174076397,375.050048828125
55,388.6333018269541,393.3783770527842,387.65451726579687,381.00712594652197,3.88442317477051e-07,379.43161650178087,379.34627402785424,360.6419305294034,375.1410827636719
56,389.99279698991796,394.2200823750498,383.7749968495371,381.3498202290537,3.89550383883301e-07,379.5976165837704,378.00298500187273,360.6698282424864,375.2315979003906
57,389.25303754472753,395.0606337513926,378.87430677080175,381.695017906666,3.8863193173486347e-07,379.76361666575986,378.28322958833934,360.487967119562,375.32061767578125
58,387.6285811390879,395.8993388142588,377.6099387135508,382.04323396348974,3.8623935751611347e-07,379.9296167477493,379.9978832900581,360.24656101202567,375.40863037109375
59,387.3442584004404,396.73620328569433,378.21041783952734,382.39422235155126,3.84768833102051e-07,380.09561682973884,381.8883681291667,360.0152271620995,375.4976806640625
60,388.3535414662363,397.5715342488291,380.45707711839697,382.7471714940073,3.858014395473635e-07,380.2616169117283,382.6057363252612,359.7322187211677,375.58740234375
61,390.27921971941015,398.40597638750097,383.146283241749,383.100987526417,3.881532969692385e-07,380.4276169937178,381.72524837712666,359.3308585972986,375.6773986816406
62,392.6084242787363,399.2404089894297,385.04053792619726,383.4545899357798,3.91012096773926e-07,380.59361707570724,380.03442599582917,358.8821560136203,375.7676086425781
63,394.1213522877695,400.0756483998301,384.3907938923838,383.8071461644175,3.91937540133301e-07,380.75961715769677,378.9025139371195,358.5759269151403,375.8576354980469
64,393.58849820756933,400.9121809926035,382.19914254808447,384.1582089390757,3.90997463961426e-07,380.92561723968623,379.23448342786304,358.53984277361803,375.9469299316406
65,391.91443357133886,401.750136467457,380.5702668156626,384.5077429738047,3.889677188442385e-07,381.0916173216757,380.807683503896,358.68095259827396,376.03582763671875
66,391.36144361162206,402.589247795582,380.3430596318247,384.85605916643163,3.879544063442385e-07,381.2576174036652,382.47598280744165,358.731023646351,376.1250915527344
67,392.1911917653086,403.4289389576914,382.15539369249365,385.2036801304819,3.89423008883301e-07,381.4236174856547,383.0597156212309,358.47934354418754,376.2147521972656
68,394.06624707841894,404.26856526994726,385.1551829304697,385.55118665361425,3.920009903286135e-07,381.58961756764415,382.2314388533564,357.9792632764511,376.3045349121094
69,396.34822377824804,405.1076498951914,388.623915764332,385.8990784611704,3.948139805629885e-07,381.7556176496336,380.7333937311535,357.5213539591133,376.3943176269531
70,397.9528532948496,405.94602498674413,388.13462361955663,386.2476759877207,3.9559193271142597e-07,381.92161773162314,379.78562428616516,357.3827007313263,376.48406982421875
71,397.49079045915624,406.7837973561289,388.18324384355566,386.5970831837656,3.943326817348635e-07,382.0876178136126,380.15529468614295,357.5829573834147,376.57342529296875
72,395.910105797291,407.6211996998789,386.3652640309336,386.94720563554785,3.9206803134423847e-07,382.2536178956021,381.5963088550261,357.8831214189107,376.6627502441406
73,395.3770647969248,408.45845327043554,384.8191338505747,387.2978068318369,3.90774073336426e-07,382.41961797759154,383.0672642237412,358.0362279031567,376.75213623046875
74,396.1380873646738,409.29575261735937,384.77513894701025,387.64858731889746,3.923053594692385e-07,382.58561805958107,383.5386346038147,358.05220410644597,376.84173583984375
75,397.9361887898447,410.13320073747656,386.94790944719335,387.99926671648046,3.95083040133301e-07,382.75161814157053,382.7644380046441,358.2127414174779,376.93145751953125
76,400.2571860280039,410.97081288957617,390.3583537068369,388.3496409382822,3.98139559664551e-07,382.91761822356,381.4408732342551,358.8018172006598,377.0211181640625
77,401.9406405415537,411.80856237077734,392.3988905873301,388.6996088948252,3.99175169039551e-07,383.0836183055495,380.6531695321742,359.7923771037499,377.1107177734375
78,401.563540550709,412.64640721941015,391.59038839006445,389.04918203020117,3.98036434664551e-07,383.249618387539,381.04893020112985,360.7879145131768,377.2001953125
79,399.9843474354746,413.48432073259374,391.12621411943456,389.39845380449316,3.95695354586426e-07,383.41561846952845,382.3669101222981,361.2961499474497,377.2896423339844
80,399.3219939198496,414.3222800221445,388.8078871693613,389.74756917619726,3.94190987398926e-07,383.5816185515179,383.6628881006743,361.1105326550902,377.3791198730469
81,399.9978629078867,415.16026982927343,387.63507184648535,390.09667882585546,3.95383401461426e-07,383.74761863350744,384.04026879356536,360.47192091789594,377.4687194824219
82,401.7357188191416,415.9982748951914,388.49560842180273,390.4459067311289,3.98054778414551e-07,383.9136187154969,383.32088492978215,359.87370482993384,377.5583190917969
83,404.0389662709238,416.83627996110937,391.73122319841406,390.7953291859629,4.01085430758301e-07,384.0796187974864,382.154925041648,359.6835517233316,377.6479187011719
84,405.8313590016367,417.6742697682383,395.25265416765234,391.1449614491465,4.02280075289551e-07,384.2456188794759,381.50603922862393,359.90234106105095,377.7374572753906
85,405.6455832448008,418.5122328724863,395.9215689625742,391.49477300310156,4.01319712008301e-07,384.41161896146536,381.9183481934308,360.24008923154736,377.8270568847656
86,404.1002493824961,419.35015401506445,394.9326716389658,391.84469709062597,3.99181881930176e-07,384.57761904345483,383.12222757961007,360.4014490049925,377.9165954589844
87,403.3101416554453,420.1880255665781,393.11925038957617,392.1946574177744,3.97748012789551e-07,384.7436191254443,384.263328971706,360.30775924277367,378.006103515625
88,403.88199147844335,421.02584752702734,391.31860265398046,392.5445815052988,3.98882317477051e-07,384.9096192074338,384.5625458127957,360.07877803088644,378.0956726074219
89,405.54949483537695,421.8636313405039,391.1767111744883,392.89441976213476,4.01374852633301e-07,385.0756192894233,383.89779841029,359.84322113528117,378.1852722167969
90,407.82232198381445,422.70139608049413,393.26872167253515,393.24415120744726,4.04221583102051e-07,385.24161937141275,382.87392472076203,359.59831638132266,378.27490234375
91,409.6888686146738,423.53917226457617,396.83925542497656,393.5937815632822,4.05317411227051e-07,385.4076194534023,382.34513919226094,359.2578872475696,378.36444091796875
92,409.6677962269785,424.3769827809336,399.3578654255869,393.9433375325205,4.04303733492676e-07,385.57361953539174,382.76622203203675,358.8136391560711,378.4540100097656
93,408.1713019337656,425.21483525896093,398.71522054338476,394.2928591694834,4.02244225680176e-07,385.7396196173812,383.8646390757056,358.4111938574696,378.5435485839844
94,407.2893439259531,426.0527296986582,397.9937640156748,394.64238462114355,4.00918419039551e-07,385.9056196993707,384.86889571764823,358.23600186224974,378.63311767578125
95,407.7807341542246,426.8906546559336,395.12815961504003,394.9919444050791,4.02230946383301e-07,386.0716197813602,385.1035421428302,358.31504797892757,378.72271728515625
96,409.3619109120371,427.7285872426035,393.50655469560644,395.34155568742773,4.04825702242676e-07,386.23761986334966,384.49253859857487,358.44703319604787,378.81231689453125
97,411.6166373219492,428.5665121998789,394.1513319935801,395.6912222828867,4.07709862398926e-07,386.40361994533913,383.596519375768,358.3588021613137,378.90191650390625
98,413.5531531300547,429.40442189836523,396.88835057878515,396.04093274736425,4.08817413180176e-07,386.5696200273286,383.1713756144537,357.9574463466092,378.991455078125
99,413.69318303728124,430.24230870866796,399.8349333729746,396.3906718220713,4.0771570224267597e-07,386.7356201093181,383.59496295635586,357.4357312581495,379.0810546875
100,412.24781331682226,431.08017644548437,401.0154181447031,396.7404166188242,4.05544563570801e-07,386.9016201913076,384.59620305444633,357.1152572989398,379.1706237792969
101,411.24603948259374,431.918032738209,400.0261984791758,397.09014997148535,4.04080778414551e-07,387.06762027329705,385.4797619544015,357.1633835023574,379.26025390625
102,411.6811362233164,432.75588140153906,397.2662898030283,397.43985852861425,4.05316913180176e-07,387.2336203552866,385.66147850735854,357.45155787224,379.34979248046875
103,413.19321736955663,433.5937338795664,395.25328740739843,397.78953847551367,4.07980200289551e-07,387.39962043727604,385.10277201291814,357.69722179499644,379.43939208984375
104,415.4343443837168,434.43158635759374,395.23490819597265,398.13919362688085,4.10947809664551e-07,387.5656205192655,384.3215895068079,357.75993602083355,379.5289611816406
105,417.43841085100195,435.2694464650156,397.25817021989843,398.4888297047617,4.12218010836426e-07,387.731620601255,383.9856424904529,357.8043563969186,379.6185607910156
106,417.7603140797617,436.107314201832,400.74572667741796,398.83845815324804,4.11197085055176e-07,387.89762068324444,384.4067416596016,358.15758653425286,379.7081298828125
107,416.38307866716406,436.94518956804296,404.77915486955663,399.188088509083,4.0905299521142597e-07,388.06362076523396,385.31869698068624,358.97683749330145,379.7976989746094
108,415.27058705949804,437.7830649342539,405.607241722584,399.53773030900976,4.07490200289551e-07,388.22962084722343,386.0959919298822,360.0347931245251,379.8873291015625
109,415.64179143571874,438.62094030046484,405.18081960344335,399.88738546037695,4.08573778414551e-07,388.3956209292129,386.2347142328828,360.8381341090632,379.97686767578125
110,417.09933385515234,439.4588232960703,400.84284696245214,400.2370558705332,4.1113626278955097e-07,388.5616210112024,385.72643963023864,360.99678980154766,380.06646728515625
111,419.3171988453867,440.29669866228124,397.5806323018076,400.5867358174326,4.14071491305176e-07,388.7276210931919,385.04821562877083,360.5305570894271,380.1560363769531
112,421.3735762562754,441.1345740284922,397.25059232378027,400.93642339372656,4.15400780367676e-07,388.89362117518135,384.7888118459215,359.8495555160158,380.2456359863281
113,421.8514891591074,441.9724493947031,398.5796729054453,401.2861109700205,4.14458534273926e-07,389.0596212571708,385.2035086741409,359.43021239013984,380.3352355957031
114,420.53946218156835,442.81032476091406,401.8261385884287,401.6357947316172,4.12414682711426e-07,389.2256213391603,386.0336516029311,359.4680274843218,380.4248046875
115,419.34189519548437,443.648200127125,404.8846503224375,401.98547277116796,4.10896504977051e-07,389.3916214211498,386.7175625123731,359.79020461849746,380.514404296875
116,419.6274138417246,444.48607549333593,405.22716436052343,402.3351431813242,4.11970706148926e-07,389.5576215031393,386.8217408779409,360.06581774026114,380.6039733886719
117,421.03999623918554,445.32394323015234,404.00723561906835,402.68480596208593,4.14476499117676e-07,389.72362158512874,386.3617278686009,360.0937154533438,380.69354248046875
118,423.2281142201426,446.16181096696874,401.23382672929785,403.0344649281504,4.17347780367676e-07,389.88962166711826,385.775649114348,359.9118543304199,380.7831115722656
119,425.3326827015879,446.99967870378515,399.3848467793467,403.38412389421484,4.1865603818017597e-07,390.05562174910773,385.58172631042646,359.6704482228831,380.8727722167969
120,425.93827733659765,447.83754644060156,399.70773420000097,403.7337828602793,4.17686073336426e-07,390.2216218310972,385.9870135283451,359.43911437295725,380.96234130859375
121,424.6928320851328,448.6754218068125,402.10701284074804,404.083445641041,4.1565853818017597e-07,390.38762191308666,386.74238145117914,359.15610593202655,381.05194091796875
122,423.4256545033457,449.51329717302343,405.2597495045664,404.4331122365,4.14145073336426e-07,390.5536219950761,387.34438178464535,358.7547458081567,381.1414794921875
123,423.61427983903906,450.35117253923437,407.6536169972422,404.78278264665624,4.15252885836426e-07,390.71962207706565,387.4211753718646,358.306043224479,381.2310791015625
124,424.9922362294199,451.1890479054453,406.681532951832,405.1324530568125,4.17810350680176e-07,390.8856221590551,387.0070422551076,357.9998141259992,381.3206481933594
125,427.14120397233984,452.02692327165624,406.1916342701914,405.482127281666,4.20708854586426e-07,391.0516222410446,386.5032867798149,357.96372998447583,381.4102478027344
126,429.28805455827734,452.8647986378672,403.9125700917246,405.8318015065195,4.22073975680176e-07,391.2176223230341,386.36519364940904,358.10483980913244,381.4998474121094
127,430.02225026750585,453.7026740040781,402.77119741106054,406.1814719166758,4.21093128023926e-07,391.3836224050236,386.75882266779223,358.1549108572119,381.5894470214844
128,428.8286620106699,454.54054937028906,403.6603537526133,406.531142326832,4.19038210055176e-07,391.54962248701304,387.446011936913,357.9032307550471,381.67901611328125
129,427.4958754506113,455.3784247365,406.90194615983984,406.880808922291,4.17435585055176e-07,391.7156225690025,387.97630469741375,357.4031504873092,381.76861572265625
130,427.5961638417246,456.21630010271093,410.40183171892187,407.23047551775,4.18469780367676e-07,391.88162265099197,388.0317528602386,356.9452411699717,381.8581848144531
131,428.93573674821874,457.05417546892187,410.97656163835546,407.580142113209,4.21025108492676e-07,392.0476227329815,387.6609835805398,356.8065879421846,381.94775390625
132,431.0484267201426,457.8920508351328,409.99976644182226,407.92980870866796,4.23955835055176e-07,392.21362281497096,387.2306487811082,357.0068445942727,382.037353515625
133,433.2283087697031,458.72992620134374,408.15559682512304,408.27947530412695,4.25411721773926e-07,392.3796228969604,387.13998292040304,357.30700862976965,382.1269226074219
134,434.07311162614843,459.5678015675547,406.3879576649668,408.62914189958593,4.24492577242676e-07,392.54562297894995,387.5203361521994,357.4601151140147,382.2165222167969
135,432.94345006608984,460.4056769337656,406.3057700123789,408.9788084950449,4.22472475680176e-07,392.7116230609394,388.14550339230715,357.47609131730303,382.30609130859375
136,431.5512534108164,461.24355229997656,408.46251592302343,409.3284750905039,4.20828030367676e-07,392.8776231429289,388.6131461813675,357.63662862833627,382.39569091796875
137,431.57274541521093,462.0814276661875,411.98550710344335,409.67814550066015,4.21777924898926e-07,393.04362322491835,388.6523194170327,358.2257044115194,382.4852600097656
138,432.859137627125,462.91930303239843,414.2194548573496,410.0278159108164,4.24275635836426e-07,393.2096233069078,388.32232634936935,359.2162643146103,382.5748596191406
139,434.9353400197031,463.75717839860937,413.4595480885508,410.37748632097265,4.27179819430176e-07,393.37562338889734,387.95735943257375,360.2118017240336,382.6644287109375
140,437.1457816090586,464.5950537648203,412.86663350725195,410.7271567311289,4.28673999117676e-07,393.5416234708868,387.9068219667822,360.7200371583086,382.7540283203125
141,438.08852300310156,465.43292913103124,410.3513937916758,411.07682714128515,4.27793417086426e-07,393.70762355287627,388.27280315396047,360.53441986594913,382.8436279296875
142,437.033454033375,466.2708044972422,409.0057211842539,411.42649373674413,4.25825100680176e-07,393.8736236348658,388.8416723574097,359.89580812875545,382.9331970214844
143,435.58573827409765,467.1086798634531,409.778025719166,411.7761603322031,4.24187245211426e-07,394.03962371685526,389.2546920685519,359.2975920407925,383.0227966308594
144,435.5369177784922,467.94655522966406,412.87699803972265,412.1258269276621,4.25122038180176e-07,394.2056237988447,389.28182475175987,359.10743893418936,383.11236572265625
145,436.7691946949961,468.784430595875,416.2031851735117,412.4754935231211,4.27600202242676e-07,394.3716238808342,388.98999934215163,359.3262282719099,383.20196533203125
146,438.8101874318125,469.62230596208593,417.3002997365,412.8251601185801,4.30482952242676e-07,394.53762396282366,388.6831306015404,359.6639764424056,383.2915344238281
147,441.0476904835703,470.46018132829687,416.0511961903574,413.17482671403906,4.3199758505517597e-07,394.7036240448132,388.66639600384576,359.82533621585037,383.3811340332031
148,442.1046210255625,471.2980566945078,414.0994826283457,413.52449330949804,4.31115104586426e-07,394.86962412680265,389.0173362952747,359.73164645363136,383.470703125
149,441.1377325978281,472.13593206071874,412.2483321156504,413.874159904957,4.29156561617676e-07,395.0356242087921,389.53521039742293,359.502665241744,383.560302734375
150,439.6441031422617,472.9738074269297,412.1401740040781,414.223826500416,4.27491311617676e-07,395.20162429078164,389.90070813071156,359.26710834613976,383.6498718261719
151,439.51988896989843,473.8116827931406,414.2704459156992,414.573493095875,4.28407698336426e-07,395.3676243727711,389.9193150132363,359.0222035921793,383.7394714355469
152,440.69010839128515,474.64955815935156,417.803114983082,414.923159691334,4.30898303805176e-07,395.53362445476057,389.66306811645876,358.6817744584267,383.8290710449219
153,442.7043982472422,475.4874335255625,420.39221105241796,415.27282628679296,4.33798475680176e-07,395.69962453675004,389.40774736890836,358.23752636692933,383.91864013671875
154,444.97479924821874,476.32530889177343,419.7239027943613,415.62249288225195,4.3536953427392597e-07,395.8656246187395,389.4193470882746,357.8350810683271,384.00823974609375
155,446.15055761003515,477.16318425798437,419.04956349992773,415.97215947771093,4.34508159273926e-07,396.031624700729,389.75492486912543,357.65988907310793,384.0978088378906
156,445.2847434010508,478.0010596241953,416.2539816823008,416.3218260731699,4.3255241708642597e-07,396.1976247827185,390.226700707248,357.7389351897853,384.1874084472656
157,443.7672873463633,478.83893499040624,414.6378470387461,416.6714926686289,4.30833604586426e-07,396.36362486470796,390.5509475038295,357.8709204069075,384.2769775390625
158,443.5433188405039,479.6768103566172,415.24966725969335,417.0211592640879,4.31684948336426e-07,396.5296249466975,390.5639257689445,357.78268937217035,384.3665771484375
159,444.64258489275,480.5146857228281,417.99056920671484,417.37082585954687,4.34156897555176e-07,396.69562502868695,390.3407192821469,357.3813335574669,384.4561462402344
160,446.6159277882578,481.35256108903906,420.9394141163828,417.72049245500585,4.37064217867676e-07,396.8616251106764,390.13105567949736,356.85961846900807,384.5457458496094
161,448.91571721696874,482.19043645525,422.13490972185156,418.07015905046484,4.38696967867676e-07,397.0276251926659,390.1662742935165,356.5391445097969,384.63531494140625
162,450.21903905534765,483.02831182146093,421.1397429432871,418.4198256459238,4.3788023349267597e-07,397.19362527465535,390.4864469952906,356.58727071321397,384.72491455078125
163,449.4590445485117,483.86618718767187,418.4129706349375,418.7694922413828,4.35956358492676e-07,397.35962535664487,390.91663273717927,356.8754450830985,384.81451416015625
164,447.91611394548437,484.7040625538828,416.4071646656992,419.1191588368418,4.34210827242676e-07,397.52562543863434,391.2051567340337,357.1211090058547,384.9040832519531
165,447.5870734181406,485.54193792009374,416.3827658619883,419.4688254323008,4.35006674898926e-07,397.6916255206238,391.21487522005555,357.1838232316912,384.9936828613281
166,448.61237249040624,486.3798132863047,418.40964421892187,419.81849202775976,4.3744335458642597e-07,397.8576256026133,391.022246396635,357.228243607777,385.083251953125
167,450.5323859181406,487.2176886525156,421.89928350114843,420.16815862321874,4.40335401461426e-07,398.0236256846028,390.8529517362493,357.5814737451122,385.1728515625
168,452.8441229786875,488.05556401872656,425.87824163103124,420.51782521867773,4.4200443661767597e-07,398.18962576659226,390.9077344410391,358.4007247041583,385.2624206542969
169,454.2599249806406,488.8934393849375,426.6466704335215,420.8674918141367,4.4121588193017597e-07,398.3556258485817,391.2126807665417,359.4586803353817,385.3520202636719
170,453.605963799,489.73131475114843,426.11907491350195,421.2171584095957,4.39322831148926e-07,398.5216259305712,391.60541505199524,360.26202131992204,385.44158935546875
171,452.0539923634531,490.56919011735937,422.027236076832,421.5668250050547,4.37564323336426e-07,398.6876260125607,391.8630806498621,360.42067701240603,385.53118896484375
172,451.62663182878515,491.4070654835703,418.87094030046484,421.91649160051367,4.38331717867676e-07,398.8536260945502,391.8714576963582,359.9544443002864,385.6207580566406
173,452.56554326677343,492.24494084978124,418.55491170549413,422.26615819597265,4.40755202242676e-07,399.01962617653965,391.70703733581604,359.2734427268746,385.7103576660156
174,454.43739995622656,493.0828162159922,419.932078453541,422.61582479143163,4.43641131930176e-07,399.18562625852917,391.57337291976893,358.85409960099764,385.7999572753906
175,456.7635565724375,493.9206915822031,423.2857314076426,422.9654913868906,4.45345553805176e-07,399.35162634051864,391.6442432611128,358.8919146951813,385.8895263671875
176,458.29435643816015,494.75856694841406,426.5104933705332,423.3151579823496,4.44573725680176e-07,399.5176264225081,391.9343144425753,359.21409182935616,385.9791259765625
177,457.7557974781992,495.596442314625,426.6980277028086,423.6648245778086,4.4269280380517597e-07,399.68362650449757,392.29338661565777,359.48970495111985,386.0686950683594
178,456.20788488054296,496.43431768083593,425.58019170427343,424.0144911732676,4.40903588961426e-07,399.84962658648703,392.5244662391829,359.51760266420257,386.1582946777344
179,455.6912146534922,497.27219304704687,423.0932875599863,424.36415776872656,4.41631639742676e-07,400.01562666847656,392.53303746222946,359.3357415412775,386.24786376953125
180,456.53622350358984,498.1100684132578,421.2953139271738,424.71382436418554,4.44049045992676e-07,400.181626750466,392.3945630060741,359.09433543374223,386.33746337890625
181,458.3584738698008,498.94794377946874,421.5510397877695,425.0634909596445,4.46942202242676e-07,400.3476268324555,392.29229003936223,358.863001583815,386.4270324707031
182,460.6777869191172,499.7858191456797,423.99450597429296,425.4131575551035,4.48697608492676e-07,400.513626914445,392.3762768772842,358.5799931428849,386.5166320800781
183,462.29997167253515,500.6236945118906,427.2199889149668,425.7628241505625,4.4795617880517597e-07,400.6796269964345,392.6519557503103,358.1786330190151,386.606201171875
184,461.8850928273203,501.46156987810156,428.93022069597265,426.1124907460215,4.46090608492676e-07,400.84562707842395,392.98082667533225,357.72993043533603,386.69580078125
185,460.34684667253515,502.2994452443125,427.96933660173437,426.46215734148046,4.44265260836426e-07,401.0116271604134,393.18906568549943,357.42370133685705,386.785400390625
186,459.75327214860937,503.13732061052343,426.3291731801035,426.81182393693945,4.44937319430176e-07,401.1776272424029,393.199042853981,357.38761719533466,386.8749694824219
187,460.4981986012461,503.97519597673437,424.77098378801367,427.16149053239843,4.47332241305176e-07,401.3436273243924,393.08436727253155,357.52872701999087,386.9645690917969
188,462.26766881608984,504.8130713429453,424.5286017384531,427.5111571278574,4.50224592867676e-07,401.50962740638187,393.009700743916,357.5787980680677,387.05413818359375
189,464.5718069996836,505.65094670915624,426.3623534169199,427.8608237233164,4.52027819430176e-07,401.67562748837133,393.10427352637896,357.3271179659045,387.14373779296875
190,466.27921971941015,506.4888220753672,429.5489684071543,428.2104903187754,4.51323678805176e-07,401.84162757036086,393.3661403492438,356.82703769816817,387.2333068847656
191,466.0079947438242,507.3266974415781,433.48923406267187,428.56015691423437,4.49484725680176e-07,402.0076276523503,393.667963401421,356.36912838082986,387.3229064941406
192,464.48993596696874,508.16457280778906,434.52289495134374,428.90982350969335,4.47636991305176e-07,402.1736277343398,393.8566386975939,356.2304751530428,387.4124755859375
193,463.7965842213633,509.002448174,434.5027152028086,429.25949010515234,4.48261741305176e-07,402.33962781632925,393.8689607600955,356.43073180513124,387.5020751953125
194,464.4362097706797,509.84032354021093,429.95689687395117,429.6091567006113,4.50631647555176e-07,402.5056278983187,393.77605798799823,356.7308958406279,387.5916442871094
195,466.1381674733164,510.67819890642187,426.55620870256445,429.9588232960703,4.53515436617676e-07,402.67162798030824,393.72562394087686,356.88400232487294,387.6812438964844
196,468.4204932179453,511.5160742726328,426.0787764515879,430.3084898915293,4.5535578818017597e-07,402.8376280622977,393.82863544106056,356.8999785281619,387.7708435058594
197,470.22089299821874,512.3539496388437,427.253237816334,430.6581564869883,4.5468035068017597e-07,403.0036281442872,394.07733951979037,357.06051583919543,387.86041259765625
198,470.11131963396093,513.1918250050546,430.261424156666,431.00782308244726,4.52864069430176e-07,403.1696282262767,394.3549814246784,357.6495916223758,387.95001220703125
199,468.6286917653086,514.0297003712656,433.1015158619883,431.35748967790624,4.5099671005517597e-07,403.33562830826617,394.5269542481914,358.640151525467,388.0395812988281
200,467.82623967790624,514.8675757374765,433.32594976091406,431.70715627336523,4.51582788180176e-07,403.50162839025563,394.54233144873143,359.63568893489287,388.1291809082031
201,468.3713675465586,515.7054511036874,432.459910484791,432.0568228688242,4.5393810068017597e-07,403.6676284722451,394.469299016086,360.14392436916603,388.21875
202,469.99538335466406,516.5433264698984,429.54550847673437,432.4064894642832,4.56819319430176e-07,403.83362855423456,394.4400950894247,359.95830707680756,388.308349609375
203,472.2502051320078,517.3812018361093,427.78349218034765,432.7561560597422,4.5869905380517597e-07,403.9996286362241,394.5497308349958,359.3196953396125,388.3979187011719
204,474.13022527360937,518.2190772023202,428.1257697072031,433.10582265520117,4.5805049911767597e-07,404.16562871821355,394.7859671311285,358.7214792516508,388.4875183105469
205,474.19047460222265,519.0569525685312,430.55919561052343,433.45548925066015,4.56250045992676e-07,404.331628800203,395.0420283971767,358.5313261450489,388.57708740234375
206,472.74545201921484,519.8948279347421,433.5129996266367,433.80515584611913,4.5435526474267597e-07,404.49762888219254,395.19979182127787,358.7501154827678,388.66668701171875
207,471.831435295582,520.7327033009531,436.27699956560156,434.1548224415781,4.54895131930176e-07,404.663628964182,395.21874374117226,359.08786365326483,388.75628662109375
208,472.30754003191015,521.570578667164,435.37463292741796,434.50449285173437,4.57235272555176e-07,404.8296290461715,395.1638031505269,359.2492234267097,388.8458557128906
209,473.8572073903086,522.4084540333749,434.9507666554453,434.8541632618906,4.60117858492676e-07,404.99562912816094,395.15316224989226,359.15553366449114,388.9354553222656
210,476.09946355485937,523.2463293995859,432.3465949025156,435.20383367204687,4.6204224130517597e-07,405.1616292101504,395.26789594179974,358.926552452603,389.0250244140625
211,478.05553350114843,524.0842047657968,430.8942709889414,435.5535040822031,4.61427803805176e-07,405.32762929213993,395.4923859431866,358.69099555699654,389.1146240234375
212,478.2877264943125,524.9220801320077,431.543837639332,435.90317449235937,4.5964651474267597e-07,405.4936293741294,395.7292206908355,358.4460908030397,389.2041931152344
213,476.89740667009374,525.7599554982187,434.5228796925547,436.2528449025156,4.57725202242676e-07,405.65962945611886,395.87494225364026,358.10566166928595,389.2937927246094
214,475.8698111500742,526.5978308644296,437.707900139332,436.60251531267187,4.58213655367676e-07,405.8256295381084,395.8978305254025,357.6614135777874,389.38336181640625
215,476.2813559498789,527.4357062306406,438.90392217302343,436.9521857228281,4.60531319430176e-07,405.99162962009785,395.85932584086794,357.25896827918655,389.47296142578125
216,477.7611685719492,528.2735815968515,437.65009221696874,437.30185613298437,4.63410405367676e-07,406.1576297020873,395.86488278572455,357.0837762839662,389.5625305175781
217,479.9829627003672,529.1114569630624,435.4783240284922,437.6515265431406,4.65375866305176e-07,406.3236297840768,395.98343706840444,357.1628224006443,389.6521301269531
218,482.00046453142187,529.9493323292734,433.5955344166758,438.00119695329687,4.64796967867676e-07,406.48962986606625,396.196913295156,357.29480761776557,389.7417297363281
219,482.4047156300547,530.7872076954843,433.5392676320078,438.3508673634531,4.63038639742676e-07,406.6556299480558,396.4166483353325,357.2065765830306,389.831298828125
220,481.0791159596445,531.6250830616952,435.70654210710546,438.70053777360937,4.61097225680176e-07,406.82163003004524,396.5522082438957,356.8052207683262,389.9208984375
221,479.9443503346445,532.4629584279062,439.19928655290624,439.0502081837656,4.61539295992676e-07,406.9876301120347,396.57926460052323,356.2835056798666,390.0104675292969
222,480.2843848195078,533.3008337941171,441.82245549821874,439.39987859392187,4.63835327242676e-07,407.15363019402423,396.55565964238514,355.96303172065586,390.1000671386719
223,481.7151022877695,534.1387091603281,441.1223441090586,439.7495490040781,4.66708710055176e-07,407.3196302760137,396.575320626966,356.01115792407325,390.18963623046875
224,483.9114829030039,534.976584526539,440.4680014576914,440.09921941423437,4.68710975680176e-07,407.48563035800316,396.6966326315278,356.2993322939569,390.27923583984375
225,485.9814825978281,535.8144598927499,437.6854315724375,440.4488898243906,4.68164085055176e-07,407.65163043999263,396.89982623041703,356.54499621671323,390.3688049316406
226,486.52341375017187,536.6523352589609,436.07995519304296,440.79856023454687,4.66425827242676e-07,407.8176305219821,397.10437928640664,356.60771044254994,390.4584045410156
227,485.2655631031992,537.4902106251718,436.69248113298437,441.1482306447031,4.64464444430176e-07,407.9836306039716,397.2314045915358,356.65213081863607,390.5479736328125
228,484.05800542497656,538.3280859913827,439.4519415822031,441.49790105485937,4.6486213974267597e-07,408.1496306859611,397.26275484009886,357.0053609559688,390.6375732421875
229,484.3058691945078,539.1659613575937,442.4229346241953,441.8475714650156,4.67140522555176e-07,408.31563076795055,397.25262931526055,357.8246119150178,390.7271728515625
230,485.69794377946874,540.0038367238046,443.6066199269297,442.19724187517187,4.70011264742676e-07,408.4816308499401,397.2845440155587,358.88256754624103,390.8167419433594
231,487.86144170427343,540.8417120900156,442.58937749528906,442.5469122853281,4.7205179599267597e-07,408.64763093192954,397.407735152703,359.6859085307788,390.9063415527344
232,489.9800635304453,541.6795874562265,439.8966132130625,442.89658269548437,4.71537881930176e-07,408.813631013919,397.601366105101,359.8445642232641,390.99591064453125
233,490.6508933033945,542.5174628224374,437.9010077443125,443.2462531056406,4.6981750693017597e-07,408.9796310959085,397.7924631057577,359.37833151114353,391.08551025390625
234,489.4473029103281,543.3553381886484,437.8809348073008,443.59592351579687,4.67833694430176e-07,409.14563117789794,397.9123582191582,358.6973299377324,391.1750793457031
235,488.164198967457,544.1932135548593,439.92197332048437,443.9455939259531,4.68182905367676e-07,409.31163125988746,397.94804266062323,358.2779868118567,391.2646789550781
236,488.3129187550547,545.0310889210702,443.4090872731211,444.29526433610937,4.70441827242676e-07,409.47763134187693,397.9500875047901,358.315801906039,391.354248046875
237,489.67186650896093,545.8689642872812,447.27735051775,444.6449347462656,4.73310514742676e-07,409.6436314238664,397.99262366276366,358.63797904021396,391.44384765625
238,491.79679784441015,546.7068396534921,447.8872900929453,444.99460515642187,4.75390405367676e-07,409.8096315058559,398.1169731930336,358.91359216197793,391.5334167480469
239,493.9516745533945,547.5447150197031,447.07138738298437,445.3442755665781,4.74912967867676e-07,409.9756315878454,398.30174272475335,358.94148987506105,391.6230163574219
240,494.74616155290624,548.382590385914,444.98242101335546,445.69394597673437,4.73212530367676e-07,410.14163166983485,398.48093412487736,358.75962875213645,391.7126159667969
241,493.5993033375742,549.2204657521249,442.5865546193125,446.0436163868906,4.71208280367676e-07,410.3076317518243,398.5949080229232,358.51822264460014,391.80218505859375
242,492.25353917741796,550.0583411183359,442.0752325978281,446.39328679704687,4.7150782724267597e-07,410.4736318338138,398.63489877997296,358.2868887946744,391.89178466796875
243,492.31852636003515,550.8962164845468,443.788336845875,446.7429572072031,4.73744280367676e-07,410.6396319158033,398.64791094065265,358.0038803537432,391.9813537597656
244,493.6289206471445,551.7340918507577,447.8524008717539,447.09262761735937,4.7660841318017597e-07,410.8056319977928,398.6996312579116,357.6025202298722,392.0709533691406
245,495.71999272966406,552.5719672169687,452.4309683766367,447.4422980275156,4.78725038180176e-07,410.97163207978224,398.8245532136071,357.1538176461949,392.1605224609375
246,497.90988835954687,553.4098425831796,455.01898870134374,447.79196843767187,4.78284295992676e-07,411.13763216177176,399.0011380507665,356.84758854771536,392.2501220703125
247,498.8044806447031,554.2477179493906,454.84316167497656,448.1416388478281,4.76604741305176e-07,411.30363224376123,399.1698141571299,356.811504406193,392.3396911621094
248,497.7221823658945,555.0855933156015,450.1576529469492,448.49130925798437,4.74583139742676e-07,411.4696323257507,399.27890458922553,356.95261423084827,392.4292907714844
249,496.31662664079687,555.9234686818124,444.7965689625742,448.8409796681406,4.74835389742676e-07,411.63563240774016,399.32312024988585,357.0026852789265,392.51885986328125
250,496.30499944353124,556.7613440480234,443.7290335621836,449.19065007829687,4.77050335055176e-07,411.8016324897296,399.34599709907496,356.7510051767622,392.60845947265625
251,497.5609656300547,557.5992194142343,444.442145439625,449.5403204884531,4.79909452242676e-07,411.96763257171915,399.40563827556224,356.2509249090251,392.69805908203125
252,499.6129523243906,558.4370947804452,446.73163518571874,449.88999089860937,4.82060928805176e-07,412.1336326537086,399.53066135147054,355.79301559168863,392.7876281738281
253,501.82990178728124,559.2749701466562,449.05229100847265,450.2396613087656,4.81655936617676e-07,412.2996327356981,399.6997095154703,355.6543623639006,392.8772277832031
254,502.8306036915781,560.1128455128671,450.1604758229258,450.58933171892187,4.79995639742676e-07,412.4656328176876,399.8591148151775,355.8546190159885,392.966796875
255,501.8311835255625,560.9507208790781,448.22174749040624,450.9390021290781,4.77956780367676e-07,412.6316328996771,399.9642098094657,356.15478305148474,393.056396484375
256,500.3723975148203,561.788596245289,446.39426335954687,451.28867253923437,4.78161725680176e-07,412.79763298166654,400.012527746061,356.3078895357312,393.1459655761719
257,500.2931738820078,562.6264716114999,445.615859123707,451.6383429493906,4.80356272555176e-07,412.963633063656,400.04426127709354,356.32386573902187,393.2355651855469
258,501.4930945363047,563.4643469777109,446.47839269304296,451.98801335954687,4.83211624117676e-07,413.12963314564547,400.11071503510317,356.48440305005386,393.32513427734375
259,503.51816472673437,564.3022223439218,449.2360678639414,452.3376837697031,4.85398335055176e-07,413.295633227635,400.23546510434346,357.07347883323513,393.41473388671875
260,505.7676154103281,565.1400977101327,451.89340123796484,452.68735417985937,4.85030475680176e-07,413.46163330962446,400.39759298202716,358.0640387363259,393.5043029785156
261,506.88568792009374,565.9779730763437,452.6854315724375,453.0370245900156,4.83388928805176e-07,413.6276333916139,400.5488394843451,359.05957614575294,393.5939025878906
262,505.98082646989843,566.8158484425546,451.83329686784765,453.38669500017187,4.81332678805176e-07,413.79363347360345,400.6506964195451,359.5678115800252,393.6835021972656
263,504.48740300798437,567.6537238087656,449.06769475603124,453.7363654103281,4.81488436617676e-07,413.9596335555929,400.7029630993574,359.38219428766575,393.7730712890625
264,504.3161231007578,568.4915991749765,447.23102483415624,454.08603582048437,4.83661061617676e-07,414.1256336375824,400.7426340330564,358.74358255046883,393.8626708984375
265,505.44806584978124,569.3294745411874,447.4386359181406,454.4357062306406,4.86512319430176e-07,414.29163371957185,400.8149299729572,358.14536646250906,393.9522399902344
266,507.4393683400156,570.1673499073984,449.74425420427343,454.78537664079687,4.88733803805176e-07,414.4576338015613,400.9391149199318,357.9552133559065,394.0418395996094
267,509.72093877458593,571.0052252736093,453.12187108659765,455.1350470509531,4.88404819430176e-07,414.62363388355084,401.09490538261576,358.1740026936272,394.13140869140625
268,510.9628058400156,571.8431006398202,455.22172460222265,455.48471746110937,4.86782975680176e-07,414.7896339655403,401.2389849966786,358.51175086412235,394.22100830078125
269,510.15888127946874,572.6809760060312,454.3071433033945,455.8343878712656,4.84711178805176e-07,414.95563404752977,401.3382474861769,358.6731106375667,394.3105773925781
270,508.6394415822031,573.5188513722421,453.7841940846445,456.18405828142187,4.84817710055176e-07,415.1216341295193,401.39428705169996,358.579420875347,394.4001770019531
271,508.36569890642187,574.3567267384531,451.6055518116953,456.5337286915781,4.869671866176759e-07,415.28763421150876,401.44105895205166,358.3504396634607,394.48974609375
272,509.42641362810156,575.194602104664,450.5677329030039,456.88339910173437,4.898131319301759e-07,415.4536342934982,401.51834909296235,358.11488276785667,394.579345703125
273,511.37021550798437,576.0324774708749,451.53009709978124,457.2330695118906,4.92067569430176e-07,415.6196343754877,401.641745687885,357.8699780138971,394.6689453125
274,513.6715460743906,576.8703528370859,454.83850011491796,457.58273992204687,4.91777678805176e-07,415.78563445747716,401.79174706582023,357.5295488801438,394.7585144042969
275,515.0326758351327,577.7082282032968,458.43835363054296,457.9324103322031,4.90175585055176e-07,415.9516345394667,401.92954304521993,357.0853007886466,394.8481140136719
276,514.3378516163827,578.5461035695077,458.7904425587656,458.28208074235937,4.88089991305176e-07,416.11763462145615,402.02675585821686,356.68285549004486,394.93768310546875
277,512.7972784962656,579.3839789357187,458.0244437184336,458.6317511525156,4.88148249117676e-07,416.2836347034456,402.08637722063185,356.5076634948247,395.02728271484375
278,512.4153662648202,580.2218543019296,456.26969823503515,458.98142156267187,4.90274991305176e-07,416.44963478543514,402.13949069911007,356.58670961150193,395.1168518066406
279,513.3966437306406,581.0597296681406,454.52672490739843,459.3310919728281,4.93115553805176e-07,416.6156348674246,402.22103556523905,356.71869482862394,395.2064514160156
280,515.285422417164,581.8976050343515,454.38790807390234,459.68076238298437,4.95401835055176e-07,416.78163494941407,402.3434781341916,356.63046379388953,395.2960205078125
281,517.6012946095468,582.7354804005624,456.4777441945078,460.0304327931406,4.95151217867676e-07,416.94763503140354,402.48820388168343,356.2291079791808,395.3856201171875
282,519.0777350392343,583.5733557667734,460.03658971452734,460.38010320329687,4.93568092867676e-07,417.113635113393,402.62050137333307,355.7073928907238,395.4751892089844
283,518.4915076222421,584.4112311329843,462.41113195085546,460.7297736134531,4.91469202242676e-07,417.2796351953825,402.7161235978947,355.38691893151463,395.5647888183594
284,516.9496832814218,585.2491064991952,461.73764714860937,461.07944402360937,4.91478842867676e-07,417.445635277372,402.77912625693534,355.4350451349318,395.6543884277344
285,516.4781866993906,586.0869818654062,460.99862584733984,461.4291144337656,4.93582819430176e-07,417.61163535936146,402.8378933268315,355.72321950481603,395.74395751953125
286,517.3663702931406,586.9248572316171,458.3015891041758,461.77878484392187,4.96418342867676e-07,417.777635441351,402.9230494480174,355.96888342757103,395.83355712890625
287,519.2090674366952,587.7627325978281,456.82123479509374,462.1284552540781,4.98736116305176e-07,417.94363552334045,403.0444201191943,356.03159765340916,395.9231262207031
288,521.5294562306406,588.600607964039,457.55321416521093,462.47812566423437,4.98525944430176e-07,418.1096356053299,403.18434903054725,356.0760180294947,396.0127258300781
289,523.1101904835702,589.4384833302499,460.48940190935156,462.8277960743906,4.96961725680176e-07,418.2756356873194,403.3118447697349,356.42924816682665,396.102294921875
290,522.6437293019296,590.2763586964609,463.64313420915624,463.17746648454687,4.94850303805176e-07,418.44163576930885,403.40626140398996,357.2484991258753,396.19189453125
291,521.1094885792734,591.1142340626718,464.7770300831797,463.5271368947031,4.94810585055176e-07,418.60763585129837,403.4724401803397,358.3064547570988,396.2814636230469
292,520.5609503712656,591.9521094288827,463.58188542985937,463.87680730485937,4.96890725680176e-07,418.77363593328784,403.5362388075542,359.10979574163656,396.3710632324219
293,521.3527594532968,592.7899847950937,461.3333579030039,464.2264777150156,4.99720749117676e-07,418.9396360152773,403.62444751054295,359.26845143412345,396.46063232421875
294,523.1461401906015,593.6278601613046,459.4476614918711,464.57614812517187,5.02069077242676e-07,419.1056360972668,403.7446678414891,358.80221872200246,396.55023193359375
295,525.4548865284921,594.4657355275156,459.4093848195078,464.9258185353281,5.01900381930176e-07,419.2716361792563,403.8802446995965,358.121217148589,396.63983154296875
296,527.1197577443124,595.3036108937265,461.57670507097265,465.27548894548437,5.00355452242676e-07,419.43763626124576,404.0035558961487,357.7018740227143,396.7294006347656
297,526.7850714650156,596.1414862599374,465.04403600358984,465.6251593556406,4.98233053805176e-07,419.6036363432352,404.0970880365894,357.7396891168963,396.8190002441406
298,525.2620764698984,596.9793616261484,467.7976904835703,465.97482976579687,4.98144178805176e-07,419.7696364252247,404.16623687901244,358.0618662510734,396.9085693359375
299,524.6200781788827,597.8172369923593,467.13275823259374,466.3245001759531,5.00199866305176e-07,419.9356365072142,404.2345057633389,358.33747937283687,396.9981689453125
300,525.3090887989999,598.6551123585702,466.63471135759374,466.67417058610937,5.03023756930176e-07,420.1016365892037,404.3252831383616,358.365377085919,397.0877380371094
301,527.0432501759531,599.4929877247812,464.46747502946874,467.0238409962656,5.05401288180176e-07,420.26763667119315,404.4443069507964,358.18351596299397,397.1773376464844
302,529.3337317433359,600.3308630909921,463.02536687517187,467.37351140642187,5.05274475680176e-07,420.43363675318267,404.57594350894624,357.9421098554587,397.26690673828125
303,531.0879736866952,601.1687384572031,463.50873479509374,467.7231818165781,5.03748678805176e-07,420.59963683517213,404.6956159711787,357.7107760055332,397.35650634765625
304,530.9077521290781,602.006613823414,466.3587714161875,468.07285222673437,5.01616569430176e-07,420.7656369171616,404.78852975102484,357.4277675646014,397.4460754394531
305,529.4141455616952,602.8444891896249,469.46063909196874,468.4225226368906,5.01478897555176e-07,420.93163699915107,404.86044475926536,357.0264074407316,397.5356750488281
306,528.6664954152109,603.6823645558359,470.69731053972265,468.77219304704687,5.035100772426759e-07,421.09763708114053,404.93267836990333,356.5777048570547,397.6252746582031
307,529.2482367482187,604.5202399220468,469.56764897966406,469.1218634572031,5.06327764742676e-07,421.26363716313006,405.0256063050609,356.27147575857384,397.71484375
308,530.9067145314218,605.3581152882577,467.28505620622656,469.47153386735937,5.08733569430176e-07,421.4296372451195,405.1434135734998,356.2353916170508,397.804443359375
309,533.1708746876718,606.1959906544687,465.3644324269297,469.8212042775156,5.08649194430176e-07,421.595637327109,405.2714897871713,356.3765014417067,397.8940124511719
310,535.0138007130624,607.0338660206796,465.282477470875,470.17087468767187,5.07142178805176e-07,421.7616374090985,405.388005331047,356.42657248978514,397.9836120605469
311,535.0011511769296,607.8717413868906,467.37689885759374,470.5205450978281,5.05001186617676e-07,421.927637491088,405.4805197468753,356.17489238762164,398.07318115234375
312,533.5451117482187,608.7096167531015,470.9107199635508,470.87021550798437,5.04814499117676e-07,422.09363757307744,405.5550015326718,355.6748121198821,398.16278076171875
313,532.6859503712656,609.5474921193124,473.9726172413828,471.2198859181406,5.06820749117676e-07,422.2596376550669,405.6307454132354,355.2169028025458,398.2523498535156
314,533.1934576954843,610.3853674855234,473.53507909441015,471.56955632829687,5.09632186617676e-07,422.4256377370564,405.72546359695673,355.07824957475896,398.3419494628906
315,534.7744666066171,611.2232428517343,473.570075127125,471.9192267384531,5.120655381801759e-07,422.5916378190459,405.8420552549813,355.278506226848,398.4315185546875
316,537.0206366505624,612.0611182179452,471.8673163380625,472.26889714860937,5.12024538180176e-07,422.75763790103537,405.96692069436597,355.5786702623444,398.5211181640625
317,538.9420844044687,612.8989935841562,470.3216086354258,472.6185675587656,5.10536335055176e-07,422.92363798302483,406.08070388521907,355.7317767465892,398.6107177734375
318,539.101828667164,613.7368689503671,470.24408635759374,472.96823796892187,5.083875147426759e-07,423.08963806501436,406.1729976364782,355.7477529498787,398.7002868652344
319,537.6882849659921,614.5747443165781,472.3845816578867,473.3179083790781,5.08151608492676e-07,423.2556381470038,406.249853128577,355.90829026091166,398.7898864746094
320,536.7169257130624,615.412619682789,475.83715734148046,473.66757878923437,5.10132139742676e-07,423.4216382289933,406.3286994799584,356.4973660440923,398.87945556640625
321,537.1597968068124,616.2504950489999,477.9557639088633,474.0172491993906,5.12936913180176e-07,423.58763831098275,406.424898279313,357.48792594718736,398.96905517578125
322,538.6694861378671,617.0883704152109,477.1960974659922,474.36691960954687,5.153967881801759e-07,423.7536383929722,406.54029182316333,358.48346335660887,399.0586242675781
323,540.8988104786874,617.9262457814218,476.80184850358984,474.7165900197031,5.15399897555176e-07,423.91963847496174,406.6622672091401,358.9916987908827,399.1482238769531
324,542.8885260548593,618.7641211476327,474.30656346941015,475.06626042985937,5.13930647555176e-07,424.0856385569512,406.7736914826185,358.8060814985242,399.23779296875
325,543.2214270558359,619.6019965138437,472.96203527116796,475.4159308400156,5.11775319430176e-07,424.2516386389407,406.8659089361967,358.16746976133,399.327392578125
326,541.8708258595468,620.4398718800546,473.680556389332,475.76560125017187,5.11490413180176e-07,424.4176387209302,406.94495272076784,357.56925367336885,399.4169616699219
327,540.7841254200937,621.2777472462656,476.7534781422617,476.1152716603281,5.13444741305176e-07,424.58363880291967,407.0265362646353,357.3791005667653,399.5065612792969
328,541.1573706593515,622.1156226124765,480.07176885271093,476.46494207048437,5.16242460055176e-07,424.74963888490913,407.123950394494,357.59788990448504,399.5961608886719
329,542.6112433400156,622.9534979786874,481.2512579884531,476.8146124806406,5.18727741305176e-07,424.9156389668986,407.23817617783294,357.93563807498185,399.68572998046875
330,544.8182593312265,623.7913733448984,480.0180197682383,477.16428289079687,5.18775475680176e-07,425.08163904888806,407.3575549944027,358.09699784842525,399.77532958984375
331,546.8636694874765,624.6292487111093,478.08618077898046,477.5139533009531,5.17325022555176e-07,425.2476391308776,407.46694820208415,358.00330808620674,399.8648986816406
332,547.3516150441171,625.4671240773202,476.21240148210546,477.86362371110937,5.15164303805176e-07,425.41363921286705,407.5592045826965,357.7743268743186,399.9544982910156
333,546.0641241993906,626.3049994435312,476.0562125172617,478.2132941212656,5.14830600680176e-07,425.5796392948565,407.64025985784224,357.5387699787136,400.0440673828125
334,544.8890906300546,627.1428595509531,478.13525304460546,478.56296453142187,5.16758381930176e-07,425.74563937684604,407.72425397910354,357.2938652247555,400.1336669921875
335,545.1794348683359,627.9807196583749,481.7065955128672,478.9126349415781,5.19548897555176e-07,425.9116394588355,407.822656884018,356.9534360910009,400.2232360839844
336,546.5867529835702,628.8185797657968,484.4724646534922,479.26230535173437,5.22058678805176e-07,426.077639540825,407.9357550103894,356.5091879995034,400.3128356933594
337,548.7651434864999,629.6564398732187,483.9014960255625,479.6119757618906,5.22151647555176e-07,426.24363962281444,408.05280515534946,356.10674270090345,400.40240478515625
338,550.8616248097421,630.4942999806406,483.53041753435156,479.96164617204687,5.20719881930176e-07,426.4096397048039,408.16045457890857,355.9315507056827,400.49200439453125
339,551.4778662648202,631.3321600880624,481.94457921648046,480.3113165822031,5.18554756930176e-07,426.57563978679343,408.25284047567015,356.0105968223611,400.5815734863281
340,550.2545081105234,632.1700201954843,480.7517691578867,480.66098699235937,5.18172210055176e-07,426.7416398687829,408.3357396875803,356.14258203948276,400.6711730957031
341,549.0072089161874,633.0078803029062,481.18949803972265,481.0106574025156,5.20072897555176e-07,426.90763995077236,408.4218528506445,356.0543510047448,400.7607727050781
342,549.1963263478281,633.8457404103281,483.9531851735117,481.36032781267187,5.22856006930176e-07,427.0736400327619,408.52105172783087,355.6529951900407,400.850341796875
343,550.5689002003671,634.6836005177499,486.9580603566172,481.7099982228281,5.253894288051759e-07,427.23964011475135,408.6330694586444,355.1312801015837,400.93994140625
344,552.7075262989999,635.5214606251718,488.35134038591406,482.05966863298437,5.255283819301759e-07,427.4056401967408,408.74803490174963,354.81080614237175,401.0295104980469
345,554.8480139698984,636.3593207325937,487.2275687184336,482.4093390431406,5.24115350680176e-07,427.5716402787303,408.85419177770495,354.85893234578833,401.1191101074219
346,555.5914374318124,637.1971808400156,485.1250601735117,482.75900945329687,5.21946913180176e-07,427.73764036071975,408.9467770477811,355.14710671567383,401.20867919921875
347,554.419211479664,638.0350409474374,483.22728643083593,483.1086798634531,5.21515585055176e-07,427.9036404427093,409.0313622663472,355.3927706384292,401.29827880859375
348,553.1025000538827,638.8729010548593,483.08429631853124,483.45835027360937,5.23388522555176e-07,428.06964052469874,409.1193346973246,355.4554848642668,401.3878479003906
349,553.2032996144296,639.7107611622812,485.1635886158945,483.8080206837656,5.261638819301759e-07,428.2356406066882,409.2191660952779,355.49990524035104,401.4774475097656
350,554.5360785450937,640.5486212697031,488.76361760759374,484.15769109392187,5.287199444301759e-07,428.40164068867773,409.33015570123223,355.85313537768445,401.5670166015625
351,556.6398840870859,641.3864813771249,491.5790396656992,484.5073615040781,5.289054756801759e-07,428.5676407706672,409.4432581254178,356.6723863367301,401.6566162109375
352,558.8141089406015,642.2243414845468,491.03613195085546,484.85703191423437,5.275112256801759e-07,428.73364085265666,409.5481417204429,357.73034196795845,401.7462158203125
353,559.6676093068124,643.0622015919687,490.7964240040781,485.2067023243906,5.25340631930176e-07,428.89964093464613,409.64097886206343,358.53368295249555,401.8357849121094
354,558.5583411183359,643.9000616993906,489.52928838396093,485.55637273454687,5.248607569301759e-07,429.0656410166356,409.72710194526576,358.6923386449819,401.9253845214844
355,557.1805335011484,644.7379218068124,488.52999791765234,485.9060431447031,5.267054288051759e-07,429.2316410986251,409.8167025702238,358.226105932859,402.01495361328125
356,557.2025214161874,645.5757819142343,488.9810172047617,486.25571355485937,5.294727413051759e-07,429.3976411806146,409.9170285032459,357.5451043594489,402.10455322265625
357,558.4819861378671,646.4136420216562,491.72482976579687,486.6053839650156,5.320504444301759e-07,429.56364126260405,410.0270454960653,357.1257612335727,402.1941223144531
358,560.5493536915781,647.2515021290781,494.6930762257578,486.95505437517187,5.322830694301759e-07,429.7296413445936,410.1384859026494,357.16357632775635,402.2837219238281
359,562.7549200978281,648.0893622364999,495.95436772966406,487.3047247853281,5.309075538051759e-07,429.89564142658304,410.2422871772657,357.4857534619309,402.373291015625
360,563.7074805226327,648.9272223439218,494.89687261247656,487.65439519548437,5.287358663051759e-07,430.0616415085725,410.3354142365845,357.76136658369444,402.462890625
