ds,trend,yhat_lower,yhat_upper,trend_lower,trend_upper,additive_terms,additive_terms_lower,additive_terms_upper,multiplicative_terms,multiplicative_terms_lower,multiplicative_terms_upper,yhat
2025-10-01,393906.99023536884,386734.7746617231,401114.99309218774,393906.99023536884,393906.99023536884,0.0,0.0,0.0,0.0,0.0,0.0,379188.850680176
2025-10-02,393998.72602281393,386627.24264485616,400771.7369990444,393998.72602281393,393998.72602281393,0.0,0.0,0.0,0.0,0.0,0.0,379280.5864676211
2025-10-03,394090.46181025903,387586.5596015513,401321.2788192725,394090.46181025903,394090.46181025903,0.0,0.0,0.0,0.0,0.0,0.0,379372.3222550662
2025-10-04,394182.1975977042,386916.60439059016,401260.3954454329,394164.76453043876,394182.1975977042,0.0,0.0,0.0,0.0,0.0,0.0,379464.05804251134
2025-10-05,394273.9333851493,387260.76462823816,401010.5900819789,394222.83281285455,394288.56828441756,0.0,0.0,0.0,0.0,0.0,0.0,379555.79382995644
2025-10-06,394365.6691725944,387579.745853438,401482.1406011837,394268.1284170666,394421.7704047126,0.0,0.0,0.0,0.0,0.0,0.0,379647.52961740154
2025-10-07,394457.4049600395,387739.86744632456,401635.77526146383,394296.9072955125,394545.1180325482,0.0,0.0,0.0,0.0,0.0,0.0,379739.26540484664
2025-10-08,394549.1407474846,387773.9229500023,402059.26236540213,394326.0144021756,394685.07678884274,0.0,0.0,0.0,0.0,0.0,0.0,379831.00119229173
2025-10-09,394640.8765349297,387776.6783550219,401649.8424871983,394331.61061522,394825.2557212622,0.0,0.0,0.0,0.0,0.0,0.0,379922.73697973683
2025-10-10,394732.61232237477,388063.6638894784,401584.9235991048,394335.1560490742,394988.8431347248,0.0,0.0,0.0,0.0,0.0,0.0,380014.4727671819
2025-10-11,394824.34810981987,388017.9905813306,401873.6987979524,394352.03463818843,395137.6828216412,0.0,0.0,0.0,0.0,0.0,0.0,380106.208554627
2025-10-12,394916.08389726497,387557.87721871154,402120.9655367101,394345.22798790236,395284.66220964387,0.0,0.0,0.0,0.0,0.0,0.0,380197.9443420721
2025-10-13,395007.81968471006,387534.12402466167,402039.02281631535,394317.7667987134,395436.0450447974,0.0,0.0,0.0,0.0,0.0,0.0,380289.6801295172
2025-10-14,395099.55547215516,388311.1381825997,402172.7769765177,394317.8510066599,395596.84161033964,0.0,0.0,0.0,0.0,0.0,0.0,380381.4159169623
2025-10-15,395191.29125960026,387644.4647076875,402081.7881426808,394304.70266989095,395813.0862677592,0.0,0.0,0.0,0.0,0.0,0.0,380473.1517044074
2025-10-16,395283.0270470454,388194.4276406979,402609.5148134356,394305.0372039488,395997.1483428084,0.0,0.0,0.0,0.0,0.0,0.0,380564.88749185257
2025-10-17,395374.7628344905,388134.4777195166,402525.7786484668,394285.0730134399,396191.1401253699,0.0,0.0,0.0,0.0,0.0,0.0,380656.62327929767
2025-10-18,395466.4986219356,388153.121850479,402474.49386600155,394232.639920962,396433.7597899292,0.0,0.0,0.0,0.0,0.0,0.0,380748.35906674276
2025-10-19,395558.2344093807,388429.7182393972,402915.9893428252,394261.2753758661,396657.8928189643,0.0,0.0,0.0,0.0,0.0,0.0,380840.09485418786
2025-10-20,395649.9701968258,388750.6516123005,403104.81074575847,394242.18956783885,396879.19956708705,0.0,0.0,0.0,0.0,0.0,0.0,380931.83064163296
2025-10-21,395741.7059842709,388619.54059233994,403320.26101755124,394210.8399825458,397194.86590826005,0.0,0.0,0.0,0.0,0.0,0.0,381023.56642907806
2025-10-22,395833.441771716,388174.94186236814,403293.86452876206,394188.1816247112,397443.1418387436,0.0,0.0,0.0,0.0,0.0,0.0,381115.30221652315
2025-10-23,395925.1775591611,388415.25226019806,403017.769402254,394105.93597740296,397693.2826569348,0.0,0.0,0.0,0.0,0.0,0.0,381207.03800396825
2025-10-24,396016.9133466062,388787.1993583637,403409.00724729506,394018.91029558505,397915.2589190329,0.0,0.0,0.0,0.0,0.0,0.0,381298.77379141335
2025-10-25,396108.6491340513,388719.1533405571,403649.7933199703,393917.48289792746,398095.55821937026,0.0,0.0,0.0,0.0,0.0,0.0,381390.50957885844
2025-10-26,396200.3849214964,388752.8914299065,403439.92037669045,393912.4333773679,398301.49224986305,0.0,0.0,0.0,0.0,0.0,0.0,381482.24536630354
2025-10-27,396292.1207089415,388645.455167195,403663.5894683669,393788.4254475767,398652.454195213,0.0,0.0,0.0,0.0,0.0,0.0,381573.98115374864
2025-10-28,396383.8564963866,389009.8530573712,403763.41705734533,393701.6338762895,398896.24721633014,0.0,0.0,0.0,0.0,0.0,0.0,381665.71694119374
2025-10-29,396475.5922838317,388436.9484197124,403838.23169614957,393652.73136420606,399101.6936026838,0.0,0.0,0.0,0.0,0.0,0.0,381757.45272863883
2025-10-30,396567.3280712768,389138.7450112879,404963.474947459,393616.8566057472,399292.4297424534,0.0,0.0,0.0,0.0,0.0,0.0,381849.18851608393
2025-10-31,396659.0638587219,388767.22075493855,404665.18510943017,393607.191044499,399560.5438157987,0.0,0.0,0.0,0.0,0.0,0.0,381940.924303529
2025-11-01,396750.799646167,388676.0659270064,404845.56734097004,393477.76808126975,399812.89463016606,0.0,0.0,0.0,0.0,0.0,0.0,382032.6600909742
2025-11-02,396842.5354336121,388422.80304554704,405114.5220552154,393300.7890834632,400088.0939546337,0.0,0.0,0.0,0.0,0.0,0.0,382124.3958784193
2025-11-03,396934.2712210572,388860.7584710026,404440.60083299753,393240.88625406096,400370.44291110797,0.0,0.0,0.0,0.0,0.0,0.0,382216.1316658644
2025-11-04,397026.0070085023,389044.1591789898,404698.4361527892,393173.97179885465,400624.5215721005,0.0,0.0,0.0,0.0,0.0,0.0,382307.8674533095
2025-11-05,397117.7427959474,388607.751426493,405360.7706656501,393065.3651297481,400790.0235956284,0.0,0.0,0.0,0.0,0.0,0.0,382399.6032407546
2025-11-06,397209.4785833925,388782.4309761427,404819.4003576098,392890.3529242121,400993.96114469966,0.0,0.0,0.0,0.0,0.0,0.0,382491.33902819967
2025-11-07,397301.2143708376,389076.86554073874,405850.3026334684,392816.06917234464,401288.7235658065,0.0,0.0,0.0,0.0,0.0,0.0,382583.07481564477
2025-11-08,397392.9501582827,388235.23651947686,406040.4683864105,392604.7605545797,401593.3436163472,0.0,0.0,0.0,0.0,0.0,0.0,382674.81060308986
2025-11-09,397484.6859457278,388218.45880029764,406599.02522809384,392582.4018146342,401923.9416026967,0.0,0.0,0.0,0.0,0.0,0.0,382766.54639053496
2025-11-10,397576.4217331729,388571.0316092271,405561.7576095745,392449.3244689222,402228.4594365381,0.0,0.0,0.0,0.0,0.0,0.0,382858.28217798006
2025-11-11,397668.157520618,388211.8111095342,406987.7224073856,392396.86621514347,402477.27344006114,0.0,0.0,0.0,0.0,0.0,0.0,382950.01796542516
2025-11-12,397759.8933080631,388580.9610660019,406933.905938963,392361.09617961897,402738.3849978131,0.0,0.0,0.0,0.0,0.0,0.0,383041.75375287025
2025-11-13,397851.6290955082,388595.3752884686,406736.29984462203,392251.15069540974,403022.7913708175,0.0,0.0,0.0,0.0,0.0,0.0,383133.48954031535
2025-11-14,397943.3648829533,388566.4521176139,407412.5133096784,392184.7817149475,403323.68063485605,0.0,0.0,0.0,0.0,0.0,0.0,383225.22532776045
2025-11-15,398035.1006703984,388845.2169540596,406866.8130575777,392014.54485185153,403652.57452950696,0.0,0.0,0.0,0.0,0.0,0.0,383316.96111520554
2025-11-16,398126.8364578435,388417.3080740963,407539.45219313947,391831.0553102299,403884.0311539601,0.0,0.0,0.0,0.0,0.0,0.0,383408.69690265064
2025-11-17,398218.5722452886,388586.1275662938,408035.700481672,391737.3225729038,404144.4734307045,0.0,0.0,0.0,0.0,0.0,0.0,383500.43269009574
2025-11-18,398310.3080327337,388373.014056091,408075.08702752914,391678.3885592918,404518.2113212387,0.0,0.0,0.0,0.0,0.0,0.0,383592.16847754084
2025-11-19,398402.0438201788,388286.21838377154,408055.67730372795,391473.86676530686,404767.2880391459,0.0,0.0,0.0,0.0,0.0,0.0,383683.90426498593
2025-11-20,398493.7796076239,387929.7791714716,407746.14791189856,391263.17409236863,405054.48982322105,0.0,0.0,0.0,0.0,0.0,0.0,383775.64005243103
2025-11-21,398585.515395069,388215.32112080284,408030.2710755866,391035.4449199736,405347.32313390216,0.0,0.0,0.0,0.0,0.0,0.0,383867.3758398761
2025-11-22,398677.25118251407,388115.87860327464,408143.3204932003,390865.03094868053,405603.0117278908,0.0,0.0,0.0,0.0,0.0,0.0,383959.1116273212
2025-11-23,398768.9869699592,388465.5834547184,408802.03613257076,390703.975188768,405978.2379719995,0.0,0.0,0.0,0.0,0.0,0.0,384050.8474147664
2025-11-24,398860.7227574043,387880.9779575105,408736.7090963952,390601.5122993103,406309.7521806316,0.0,0.0,0.0,0.0,0.0,0.0,384142.5832022115
2025-11-25,398952.4585448494,387266.2772124207,410462.59004315344,390418.4708965957,406516.703146137,0.0,0.0,0.0,0.0,0.0,0.0,384234.3189896566
2025-11-26,399044.1943322945,387313.12116867164,410150.25774307,390315.19148485886,406787.33029656694,0.0,0.0,0.0,0.0,0.0,0.0,384326.0547771017
2025-11-27,399135.9301197396,387441.6778034366,410033.7318413096,390173.1273809444,407245.2887146463,0.0,0.0,0.0,0.0,0.0,0.0,384417.79056454677
2025-11-28,399227.6659071847,387117.46639087616,409944.71326951135,389974.2021035697,407567.26270507625,0.0,0.0,0.0,0.0,0.0,0.0,384509.52635199187
2025-11-29,399319.4016946298,387638.0009339307,410470.9211226511,389801.0995366636,407821.2109716046,0.0,0.0,0.0,0.0,0.0,0.0,384601.26213943696
2025-11-30,399411.1374820749,387003.88748820184,410234.0266165802,389658.5046170811,408369.3026726302,0.0,0.0,0.0,0.0,0.0,0.0,384692.99792688206
2025-12-01,399502.87326952,387541.3778451425,411013.8997262899,389467.25734022574,408807.7334028064,0.0,0.0,0.0,0.0,0.0,0.0,384784.73371432716
2025-12-02,399594.6090569651,387172.0842508951,410721.81666474574,389312.75340139645,409219.4764708917,0.0,0.0,0.0,0.0,0.0,0.0,384876.46950177226
2025-12-03,399686.3448444102,387637.5214645257,411550.1866305949,389163.5829133731,409435.32771753,0.0,0.0,0.0,0.0,0.0,0.0,384968.20528921735
2025-12-04,399778.0806318553,385972.11813394824,412074.05613979086,389014.4124253497,409819.7695173149,0.0,0.0,0.0,0.0,0.0,0.0,385059.94107666245
2025-12-05,399869.8164193004,386455.65573227673,412593.1443062913,388865.2419373263,410001.2164386745,0.0,0.0,0.0,0.0,0.0,0.0,385151.67686410755
2025-12-06,399961.5522067455,387859.55009522743,411470.5306280824,388736.7804676667,410363.4082794018,0.0,0.0,0.0,0.0,0.0,0.0,385243.41265155264
2025-12-07,400053.2879941906,387577.0513553529,412826.9153590626,388566.6872178251,410866.1103232681,0.0,0.0,0.0,0.0,0.0,0.0,385335.14843899774
2025-12-08,400145.0237816357,386982.22721883835,411878.94613055943,388417.7304732562,411163.59209685586,0.0,0.0,0.0,0.0,0.0,0.0,385426.88422644284
2025-12-09,400236.7595690808,386724.67943041807,413136.30463956634,388184.90893499757,411586.4262424135,0.0,0.0,0.0,0.0,0.0,0.0,385518.62001388794
2025-12-10,400328.49535652593,386749.93640168634,413366.092693676,388119.3894972095,411928.86089072906,0.0,0.0,0.0,0.0,0.0,0.0,385610.3558013331
2025-12-11,400420.23114397103,385113.82937110146,414187.1781202437,387906.3386748956,412238.91628594516,0.0,0.0,0.0,0.0,0.0,0.0,385702.0915887782
2025-12-12,400511.96693141613,386528.97638352297,415324.00384065293,387724.72162923054,412563.0509341275,0.0,0.0,0.0,0.0,0.0,0.0,385793.8273762233
2025-12-13,400603.7027188612,385386.46460321586,414973.89062752586,387414.3161671877,413033.40487465216,0.0,0.0,0.0,0.0,0.0,0.0,385885.5631636684
2025-12-14,400695.4385063063,385274.98331339407,414705.4168316474,387060.1194101079,413277.9915760206,0.0,0.0,0.0,0.0,0.0,0.0,385977.2989511135
2025-12-15,400787.1742937514,385779.8961000132,416132.15688472684,386754.01582997176,413662.6476132658,0.0,0.0,0.0,0.0,0.0,0.0,386069.0347385586
2025-12-16,400878.9100811965,385895.4691769352,415732.88376342476,386580.70171994437,413930.26138023846,0.0,0.0,0.0,0.0,0.0,0.0,386160.7705260037
2025-12-17,400970.6458686416,384783.2951607626,415732.28477772046,386423.3163808635,414263.11496931105,0.0,0.0,0.0,0.0,0.0,0.0,386252.5063134488
2025-12-18,401062.3816560867,384944.6994156129,416985.7335801117,386107.64432853775,414750.82579804223,0.0,0.0,0.0,0.0,0.0,0.0,386344.24210089387
2025-12-19,401154.1174435318,384322.1172057293,416038.52316400525,385936.61376212037,415129.84471002786,0.0,0.0,0.0,0.0,0.0,0.0,386435.97788833897
2025-12-20,401245.8532309769,384376.9300373275,417268.8510604674,385814.9550766594,415476.7020558229,0.0,0.0,0.0,0.0,0.0,0.0,386527.71367578406
2025-12-21,401337.58901842206,384434.8320907436,417369.1255493854,385632.2902892231,415903.658978083,0.0,0.0,0.0,0.0,0.0,0.0,386619.4494632292
2025-12-22,401429.32480586716,383329.0530396287,417611.92830989993,385567.9980678811,416188.1154411708,0.0,0.0,0.0,0.0,0.0,0.0,386711.1852506743
2025-12-23,401521.06059331226,383822.8693611184,418036.82793109,385251.1965542027,416594.1497073822,0.0,0.0,0.0,0.0,0.0,0.0,386802.9210381194
2025-12-24,401612.79638075735,383196.55794513033,418462.0836048193,385074.9196243718,416916.64157656196,0.0,0.0,0.0,0.0,0.0,0.0,386894.6568255645
2025-12-25,401704.53216820245,383813.39501936024,418730.2792746693,384959.00132314506,417342.6651936738,0.0,0.0,0.0,0.0,0.0,0.0,386986.3926130096
2025-12-26,401796.26795564755,383540.29714833864,419476.5296470562,384580.6158369001,417800.2875805433,0.0,0.0,0.0,0.0,0.0,0.0,387078.1284004547
2025-12-27,401888.0037430927,383267.1211298629,419715.3208934735,384444.4313324979,418090.49827953964,0.0,0.0,0.0,0.0,0.0,0.0,387169.86418789986
2025-12-28,401979.7395305378,383000.50344390754,420167.2292276187,384178.6750742924,418496.852130102,0.0,0.0,0.0,0.0,0.0,0.0,387261.59997534496
2025-12-29,402071.4753179829,382770.2181588863,420590.7090935024,383908.7157130664,418851.21065349126,0.0,0.0,0.0,0.0,0.0,0.0,387353.33576279006
2025-12-30,402163.211105428,382643.57241281454,420973.62628703273,383701.759454465,419128.46458296484,0.0,0.0,0.0,0.0,0.0,0.0,387445.07155023515
2025-12-31,402254.9468928731,381605.5967198019,421128.400023444,383475.4539789177,419495.6597587841,0.0,0.0,0.0,0.0,0.0,0.0,387536.80733768025
2026-01-01,402346.6826803182,381763.54763503536,421355.4958239353,383175.8229648222,419946.95457832795,0.0,0.0,0.0,0.0,0.0,0.0,387628.54312512535
2026-01-02,402438.4184677633,382114.8839348932,420743.53479703254,382925.803472094,420243.49839693506,0.0,0.0,0.0,0.0,0.0,0.0,387720.27891257044
2026-01-03,402530.1542552084,381865.91408085066,422478.47433270566,382790.3581827477,420538.5157026361,0.0,0.0,0.0,0.0,0.0,0.0,387812.01470001554
2026-01-04,402621.8900426535,381409.94768709305,422568.26631747704,382410.1885738666,420832.34874409623,0.0,0.0,0.0,0.0,0.0,0.0,387903.75048746064
2026-01-05,402713.6258300986,381225.585401628,422962.98567334196,382259.59553055814,421258.6600340238,0.0,0.0,0.0,0.0,0.0,0.0,387995.48627490574
2026-01-06,402805.3616175437,380633.4925554478,422760.73428793176,381963.3297527217,421753.47157380014,0.0,0.0,0.0,0.0,0.0,0.0,388087.22206235083
2026-01-07,402897.0974049888,381457.7627923678,424256.98188280914,381893.00747074204,422248.28311357653,0.0,0.0,0.0,0.0,0.0,0.0,388178.95784979593
2026-01-08,402988.83319243387,380672.2579825459,423877.5284025321,381841.5068313875,422518.874612501,0.0,0.0,0.0,0.0,0.0,0.0,388270.693637241
2026-01-09,403080.56897987897,379910.95316552365,424259.7787315344,381565.79377778433,423030.75154590694,0.0,0.0,0.0,0.0,0.0,0.0,388362.4294246861
2026-01-10,403172.30476732407,379948.3661859951,424591.6616115813,381256.8489880695,423520.0761248457,0.0,0.0,0.0,0.0,0.0,0.0,388454.1652121312
2026-01-11,403264.04055476916,378720.69686234434,425782.2017569305,380769.48232951394,423909.1498815433,0.0,0.0,0.0,0.0,0.0,0.0,388545.9009995763
2026-01-12,403355.77634221426,380521.94861097645,426220.59574828966,380677.59700269223,424368.05831326067,0.0,0.0,0.0,0.0,0.0,0.0,388637.6367870214
2026-01-13,403447.51212965936,380444.42675860546,425855.56296615116,380391.01238919434,424905.24275991746,0.0,0.0,0.0,0.0,0.0,0.0,388729.3725744665
2026-01-14,403539.24791710445,378584.2349680458,427191.54777374916,380129.11017004633,425266.29384257126,0.0,0.0,0.0,0.0,0.0,0.0,388821.1083619116
2026-01-15,403630.98370454955,378901.01903227903,426743.1185330689,379991.3377871786,425686.5013194435,0.0,0.0,0.0,0.0,0.0,0.0,388912.8441493567
2026-01-16,403722.71949199465,378688.58942282066,427050.9340856057,379676.7266249624,426178.1818601689,0.0,0.0,0.0,0.0,0.0,0.0,389004.5799368018
2026-01-17,403814.45527943975,378541.90044130886,427039.87637620646,379531.41027003,426639.34960054926,0.0,0.0,0.0,0.0,0.0,0.0,389096.3157242469
2026-01-18,403906.1910668849,378109.0529661562,427969.65991723177,379398.00741537544,426960.5590413865,0.0,0.0,0.0,0.0,0.0,0.0,389188.05151169206
2026-01-19,403997.92685433,377874.9104003955,427850.666426875,379283.685646926,427572.8440466205,0.0,0.0,0.0,0.0,0.0,0.0,389279.78729913716
2026-01-20,404089.6626417751,378929.00230603636,428654.508571328,379171.2388653225,427911.5178269193,0.0,0.0,0.0,0.0,0.0,0.0,389371.52308658225
2026-01-21,404181.3984292202,377305.8872490599,429272.2905266945,379204.44939555216,428180.56567556184,0.0,0.0,0.0,0.0,0.0,0.0,389463.25887402735
2026-01-22,404273.1342166653,376653.5800494473,428782.75218963076,378962.0775278729,428608.01775723253,0.0,0.0,0.0,0.0,0.0,0.0,389554.99466147245
2026-01-23,404364.8700041104,378227.3696525908,428995.18527348776,378782.72017901763,429153.83820084296,0.0,0.0,0.0,0.0,0.0,0.0,389646.73044891754
2026-01-24,404456.6057915555,377050.9556830061,430087.80132874835,378516.14104642323,429709.97588291485,0.0,0.0,0.0,0.0,0.0,0.0,389738.46623636264
2026-01-25,404548.3415790006,376786.14759946184,429840.9693187022,378176.84050072345,430261.73465354653,0.0,0.0,0.0,0.0,0.0,0.0,389830.20202380774
2026-01-26,404640.0773664457,376931.6978277382,430793.0600556745,377815.2031124525,430815.8509329682,0.0,0.0,0.0,0.0,0.0,0.0,389921.93781125284
2026-01-27,404731.8131538908,377005.6197596479,430550.61337626906,377355.02065944736,431351.3297868468,0.0,0.0,0.0,0.0,0.0,0.0,390013.67359869793
2026-01-28,404823.5489413359,375850.19647156727,431636.40640953404,377399.18203772174,431918.09783830034,0.0,0.0,0.0,0.0,0.0,0.0,390105.40938614303
2026-01-29,404915.284728781,375926.7228691824,432960.9090342305,377156.5076708972,432326.38825713756,0.0,0.0,0.0,0.0,0.0,0.0,390197.1451735881
2026-01-30,405007.02051622607,377313.6457682179,433907.15495574113,376952.23562324507,432754.06472588785,0.0,0.0,0.0,0.0,0.0,0.0,390288.8809610332
2026-01-31,405098.75630367117,375335.2620792374,433974.1215337923,376726.8634122885,433212.63241378346,0.0,0.0,0.0,0.0,0.0,0.0,390380.6167484783
2026-02-01,405190.49209111626,375548.7368906918,433257.08656854567,376461.57615378196,433583.72598433157,0.0,0.0,0.0,0.0,0.0,0.0,390472.3525359234
2026-02-02,405282.22787856136,373847.2681648945,434026.4506008803,376187.90799787117,433950.90192384145,0.0,0.0,0.0,0.0,0.0,0.0,390564.0883233685
2026-02-03,405373.96366600646,374031.26313440216,434590.4828877678,375914.2398419603,434305.3535655769,0.0,0.0,0.0,0.0,0.0,0.0,390655.8241108136
2026-02-04,405465.69945345155,375744.0354855963,436150.5626675921,375640.57168604946,434660.12384303915,0.0,0.0,0.0,0.0,0.0,0.0,390747.5598982587
2026-02-05,405557.43524089665,373990.9788847863,434966.0342811435,375392.7654961113,435002.55848615797,0.0,0.0,0.0,0.0,0.0,0.0,390839.2956857038
2026-02-06,405649.17102834175,374439.52763768734,436539.5306641134,375432.59140310565,435292.5255677172,0.0,0.0,0.0,0.0,0.0,0.0,390931.0314731489
2026-02-07,405740.90681578685,374896.1056414863,436103.1643878506,375066.3641322318,435711.06616846466,0.0,0.0,0.0,0.0,0.0,0.0,391022.767260594
2026-02-08,405832.64260323194,373377.0851396428,437955.1026649028,374601.3239451791,436151.53879792924,0.0,0.0,0.0,0.0,0.0,0.0,391114.5030480391
2026-02-09,405924.3783906771,373216.2092900791,437100.2842752159,374336.90386927885,436451.3212435321,0.0,0.0,0.0,0.0,0.0,0.0,391206.23883548426
2026-02-10,406016.1141781222,372991.541172223,436279.02287128434,373977.0311197026,436739.9053629471,0.0,0.0,0.0,0.0,0.0,0.0,391297.97462292935
2026-02-11,406107.8499655673,373103.46328266145,436951.9507806704,373697.9813857927,437151.67392750864,0.0,0.0,0.0,0.0,0.0,0.0,391389.71041037445
2026-02-12,406199.5857530124,373012.67729488295,437439.72284419386,373479.8435324343,437838.29909969866,0.0,0.0,0.0,0.0,0.0,0.0,391481.44619781955
2026-02-13,406291.3215404575,371778.61808058893,438961.70144103555,373146.074250327,438051.9708496978,0.0,0.0,0.0,0.0,0.0,0.0,391573.18198526464
2026-02-14,406383.0573279026,372620.3233364339,438703.4326908334,372810.9566731091,438050.361146563,0.0,0.0,0.0,0.0,0.0,0.0,391664.91777270974
2026-02-15,406474.7931153477,371873.5951755502,439227.4951006909,372490.6258256228,438319.3075881304,0.0,0.0,0.0,0.0,0.0,0.0,391756.65356015484
2026-02-16,406566.5289027928,371061.92797124706,440032.5338490295,372149.9705247645,438925.28206886014,0.0,0.0,0.0,0.0,0.0,0.0,391848.38934759994
2026-02-17,406658.2646902379,369611.5938555239,441172.1814280371,371700.81204621505,439605.0483159057,0.0,0.0,0.0,0.0,0.0,0.0,391940.12513504503
2026-02-18,406750.000477683,371355.9897874536,441984.26577829575,371418.07654716505,440273.8282466133,0.0,0.0,0.0,0.0,0.0,0.0,392031.86092249013
2026-02-19,406841.7362651281,369191.933115723,441469.454829557,371154.0810612362,440942.6081773209,0.0,0.0,0.0,0.0,0.0,0.0,392123.5967099352
2026-02-20,406933.47205257317,370555.6605340436,442514.96381414344,370825.5760580995,441305.5944509294,0.0,0.0,0.0,0.0,0.0,0.0,392215.3324973803
2026-02-21,407025.20784001827,369959.6204315424,444639.2383670145,370498.7975883292,441734.94131105626,0.0,0.0,0.0,0.0,0.0,0.0,392307.0682848254
2026-02-22,407116.94362746336,370209.8171008106,444163.66898159374,370198.762346311,442002.0431100477,0.0,0.0,0.0,0.0,0.0,0.0,392398.8040722705
2026-02-23,407208.67941490846,369299.59135163366,442563.84531943174,369917.6327747967,442316.7606352946,0.0,0.0,0.0,0.0,0.0,0.0,392490.5398597156
2026-02-24,407300.41520235356,367742.1892583402,444385.1815221068,369673.247227432,442911.5596193559,0.0,0.0,0.0,0.0,0.0,0.0,392582.2756471607
2026-02-25,407392.15098979865,367645.34200866794,445133.8092510339,369441.47561258014,443498.37955696625,0.0,0.0,0.0,0.0,0.0,0.0,392674.0114346058
2026-02-26,407483.88677724375,368539.45911323273,443863.0961086933,369394.0415001141,443825.058260195,0.0,0.0,0.0,0.0,0.0,0.0,392765.7472220509
2026-02-27,407575.62256468885,367990.1381331882,444707.8265089091,369187.23985450674,444253.1135828389,0.0,0.0,0.0,0.0,0.0,0.0,392857.483009496
2026-02-28,407667.35835213395,367780.4305897211,445026.11897062283,368900.38231012964,444694.1502776605,0.0,0.0,0.0,0.0,0.0,0.0,392949.2187969411
2026-03-01,407759.09413957904,366779.77592813247,447190.9079918014,368613.52476575255,445017.2256610931,0.0,0.0,0.0,0.0,0.0,0.0,393040.9545843862
2026-03-02,407850.82992702414,366741.128096522,446428.2799657523,368326.6672213755,445304.8855919452,0.0,0.0,0.0,0.0,0.0,0.0,393132.6903718313
2026-03-03,407942.56571446924,366665.82976350834,447911.4122963932,368113.91332592926,445596.5169119236,0.0,0.0,0.0,0.0,0.0,0.0,393224.4261592764
2026-03-04,408034.3015019144,367117.7761507206,448897.22817415587,367842.6946564456,446011.0029917183,0.0,0.0,0.0,0.0,0.0,0.0,393316.16194672155
2026-03-05,408126.0372893595,367229.59775158693,447365.984306301,367503.6944091731,446459.35752555635,0.0,0.0,0.0,0.0,0.0,0.0,393407.89773416665
2026-03-06,408217.7730768046,366096.6709919197,447906.16670719377,367168.1099505939,446999.4229028282,0.0,0.0,0.0,0.0,0.0,0.0,393499.63352161174
2026-03-07,408309.5088642497,367470.1845576348,447288.76369431196,366884.2937761331,447598.7067503899,0.0,0.0,0.0,0.0,0.0,0.0,393591.36930905684
2026-03-08,408401.2446516948,364229.9042963262,449136.4956624069,366570.6465124229,448363.4016914871,0.0,0.0,0.0,0.0,0.0,0.0,393683.10509650194
2026-03-09,408492.9804391399,365357.1526393687,449980.5882563403,366270.1739788096,449237.163695535,0.0,0.0,0.0,0.0,0.0,0.0,393774.84088394704
2026-03-10,408584.716226585,363727.7515134928,450008.9543121484,365972.9368038536,450093.8148155938,0.0,0.0,0.0,0.0,0.0,0.0,393866.57667139213
2026-03-11,408676.4520140301,364954.4264884145,450820.2142908232,365675.8025895546,450590.46471074823,0.0,0.0,0.0,0.0,0.0,0.0,393958.31245883723
2026-03-12,408768.1878014752,365178.1840515701,450248.69419974677,365412.9588093018,450988.205866918,0.0,0.0,0.0,0.0,0.0,0.0,394050.0482462823
2026-03-13,408859.92358892027,363525.3061732344,451128.260400429,365089.8665688527,451356.7286025563,0.0,0.0,0.0,0.0,0.0,0.0,394141.7840337274
2026-03-14,408951.65937636537,363532.35275900917,452364.3510862517,364812.15985019703,451854.756788238,0.0,0.0,0.0,0.0,0.0,0.0,394233.5198211725
2026-03-15,409043.39516381046,362528.07293878094,452254.54939095414,364513.52349214524,452395.45174207404,0.0,0.0,0.0,0.0,0.0,0.0,394325.2556086176
2026-03-16,409135.13095125556,362774.91450905445,453133.81146363885,364214.8871340935,452810.9732160588,0.0,0.0,0.0,0.0,0.0,0.0,394416.9913960627
2026-03-17,409226.8667387008,361755.6911217303,454113.8542515501,363916.25077604176,453452.5753835785,0.0,0.0,0.0,0.0,0.0,0.0,394508.72718350793
2026-03-18,409318.60252614575,362025.02835836366,453503.48713793315,363486.4579844017,454049.65105258307,0.0,0.0,0.0,0.0,0.0,0.0,394600.4629709529
2026-03-19,409410.33831359097,362637.9091506113,455374.21334001893,362957.57707144524,454530.1828604837,0.0,0.0,0.0,0.0,0.0,0.0,394692.1987583981
2026-03-20,409502.07410103595,360283.298311699,456628.1564049817,362606.37723810546,454737.00684272207,0.0,0.0,0.0,0.0,0.0,0.0,394783.9345458431
2026-03-21,409593.80988848116,359793.09937667305,456286.36701286986,362255.177404766,455081.75600112317,0.0,0.0,0.0,0.0,0.0,0.0,394875.6703332883
2026-03-22,409685.54567592614,361598.65148917265,456471.211135688,361903.9775714262,455712.87067580264,0.0,0.0,0.0,0.0,0.0,0.0,394967.4061207333
2026-03-23,409777.28146337136,360985.9505491319,454851.8468266343,361552.7777380866,456065.33498826233,0.0,0.0,0.0,0.0,0.0,0.0,395059.1419081785
2026-03-24,409869.01725081645,361365.8953224314,457118.45190764865,361201.5779047469,456424.6839814456,0.0,0.0,0.0,0.0,0.0,0.0,395150.8776956236
2026-03-25,409960.75303826155,361071.343338999,458923.51912649465,360850.37807140726,456887.59160712635,0.0,0.0,0.0,0.0,0.0,0.0,395242.6134830687
2026-03-26,410052.48882570665,358812.51112198655,459854.0788114543,360501.677403927,457350.49923280696,0.0,0.0,0.0,0.0,0.0,0.0,395334.3492705138
2026-03-27,410144.22461315175,359614.9751114927,459014.8732789615,360157.62470412196,457783.99805415963,0.0,0.0,0.0,0.0,0.0,0.0,395426.0850579589
2026-03-28,410235.96040059684,360137.81866780424,457784.64226747083,359879.2540051322,458531.1671551978,0.0,0.0,0.0,0.0,0.0,0.0,395517.820845404
2026-03-29,410327.69618804194,361483.6677739696,458594.699683918,359603.57183837023,459311.2059525369,0.0,0.0,0.0,0.0,0.0,0.0,395609.5566328491
2026-03-30,410419.43197548704,358051.1256115174,459308.08519021806,359329.7513739638,459796.39022826345,0.0,0.0,0.0,0.0,0.0,0.0,395701.2924202942
2026-03-31,410511.16776293213,357252.0517308859,460466.86299562926,359066.5287435876,460253.3085250102,0.0,0.0,0.0,0.0,0.0,0.0,395793.0282077393
2026-04-01,410602.90355037723,356969.96142440714,459074.86508634104,358648.05139179196,460746.721100274,0.0,0.0,0.0,0.0,0.0,0.0,395884.7639951844
2026-04-02,410694.63933782233,356903.7979221379,464433.654071322,358416.4786673943,461593.19778804836,0.0,0.0,0.0,0.0,0.0,0.0,395976.4997826295
2026-04-03,410786.3751252674,358750.28160125396,461216.6850889196,358184.9059429967,462163.7592373534,0.0,0.0,0.0,0.0,0.0,0.0,396068.2355700746
2026-04-04,410878.1109127125,357807.19514088664,464635.7131029105,357853.3457389583,462679.0322147055,0.0,0.0,0.0,0.0,0.0,0.0,396159.9713575197
2026-04-05,410969.8467001576,357072.627747711,463708.78410021035,357429.2872590097,463032.11891460733,0.0,0.0,0.0,0.0,0.0,0.0,396251.7071449648
2026-04-06,411061.5824876028,356138.1069816106,462868.97541740705,357146.843709501,463548.91067526425,0.0,0.0,0.0,0.0,0.0,0.0,396343.44293240993
2026-04-07,411153.3182750479,355418.6373054727,464807.33181391045,356725.75039494154,463787.9986098876,0.0,0.0,0.0,0.0,0.0,0.0,396435.17871985503
2026-04-08,411245.05406249297,356633.1714475906,465082.50668858737,356472.2647753236,464091.37901431293,0.0,0.0,0.0,0.0,0.0,0.0,396526.9145073001
2026-04-09,411336.78984993807,355881.3895148682,465242.9178459243,356139.62261878676,464424.7312407187,0.0,0.0,0.0,0.0,0.0,0.0,396618.6502947452
2026-04-10,411428.52563738317,354791.17643579416,466538.7106123512,355916.3167945156,464775.1619502014,0.0,0.0,0.0,0.0,0.0,0.0,396710.3860821903
2026-04-11,411520.26142482826,355245.0545118885,466398.8296120044,355723.2876220182,465075.98061515746,0.0,0.0,0.0,0.0,0.0,0.0,396802.1218696354
2026-04-12,411611.99721227336,355217.8784352413,467689.1250343533,355505.061044336,465641.69344176434,0.0,0.0,0.0,0.0,0.0,0.0,396893.8576570805
2026-04-13,411703.73299971846,353757.7770901064,467787.6002595276,355232.4762089976,466085.33233016415,0.0,0.0,0.0,0.0,0.0,0.0,396985.5934445256
2026-04-14,411795.46878716355,353987.7942852312,468890.19205554185,354942.03418985155,466520.20573214645,0.0,0.0,0.0,0.0,0.0,0.0,397077.3292319707
2026-04-15,411887.20457460865,354565.30356253154,468547.06077790825,354639.93953302875,467167.4200965446,0.0,0.0,0.0,0.0,0.0,0.0,397169.0650194158
2026-04-16,411978.94036205375,352675.8309715466,468591.14607006696,354325.30626443936,467829.3278222612,0.0,0.0,0.0,0.0,0.0,0.0,397260.8008068609
2026-04-17,412070.67614949885,353119.1852118078,471315.05772658275,353857.1327698711,468427.300229871,0.0,0.0,0.0,0.0,0.0,0.0,397352.536594306
2026-04-18,412162.41193694394,353132.5211660671,471489.5061254322,353344.2705778607,469024.5849588107,0.0,0.0,0.0,0.0,0.0,0.0,397444.2723817511
2026-04-19,412254.14772438904,353488.23915247567,470864.872761836,352831.4083858503,469618.41645982955,0.0,0.0,0.0,0.0,0.0,0.0,397536.0081691962
2026-04-20,412345.88351183414,352461.9854281384,471638.1734226019,352396.36352077697,470212.2479608484,0.0,0.0,0.0,0.0,0.0,0.0,397627.7439566413
2026-04-21,412437.61929927923,352783.7178173161,472458.8491067856,351754.1200600344,470824.5935130019,0.0,0.0,0.0,0.0,0.0,0.0,397719.4797440864
2026-04-22,412529.35508672433,352321.2757522306,472717.47795331833,351303.96214282536,471355.03969370655,0.0,0.0,0.0,0.0,0.0,0.0,397811.2155315315
2026-04-23,412621.09087416943,351775.1123439337,476007.4366689978,351220.16962102975,471962.6877400988,0.0,0.0,0.0,0.0,0.0,0.0,397902.9513189766
2026-04-24,412712.8266616145,351303.9758245137,473680.30745489406,351167.3780239628,472570.335786491,0.0,0.0,0.0,0.0,0.0,0.0,397994.6871064217
2026-04-25,412804.5624490596,349122.89831407956,474343.41232617863,350822.38110450073,473177.9838328832,0.0,0.0,0.0,0.0,0.0,0.0,398086.4228938668
2026-04-26,412896.2982365047,348610.4622234243,475141.88890716154,350784.6520400504,473785.6318792753,0.0,0.0,0.0,0.0,0.0,0.0,398178.1586813119
2026-04-27,412988.0340239498,349448.5886147554,475046.85714467894,350290.0440748185,474381.1589001976,0.0,0.0,0.0,0.0,0.0,0.0,398269.894468757
2026-04-28,413079.769811395,350148.2767657061,476873.69545431976,350099.7228265897,475045.99295956985,0.0,0.0,0.0,0.0,0.0,0.0,398361.63025620213
2026-04-29,413171.50559884007,349460.9848338083,475758.60082205967,350033.3051213492,475773.40698716877,0.0,0.0,0.0,0.0,0.0,0.0,398453.3660436472
2026-04-30,413263.24138628517,347945.1941380998,476517.6198550966,349783.6435103129,476456.00333388423,0.0,0.0,0.0,0.0,0.0,0.0,398545.1018310923
2026-05-01,413354.97717373027,348948.49074550037,479475.95914825104,349036.58058581426,477193.0330230726,0.0,0.0,0.0,0.0,0.0,0.0,398636.8376185374
2026-05-02,413446.71296117536,348667.1597935817,477036.7214607738,348245.5455028562,477913.92592279974,0.0,0.0,0.0,0.0,0.0,0.0,398728.5734059825
2026-05-03,413538.44874862046,348775.896399961,478562.85430836654,347495.86068942904,478468.16066989745,0.0,0.0,0.0,0.0,0.0,0.0,398820.3091934276
2026-05-04,413630.18453606556,346916.2612466148,478850.89292508044,347452.8851671734,479118.06278214563,0.0,0.0,0.0,0.0,0.0,0.0,398912.0449808727
2026-05-05,413721.92032351065,347878.7751272483,480067.6012013282,347472.8813582798,479628.78774754325,0.0,0.0,0.0,0.0,0.0,0.0,399003.7807683178
2026-05-06,413813.65611095575,347235.80416790274,480992.34907088405,347229.448931185,480263.3446302751,0.0,0.0,0.0,0.0,0.0,0.0,399095.5165557629
2026-05-07,413905.39189840085,345688.11649705225,482776.492284489,346921.88640961325,480911.20843080647,0.0,0.0,0.0,0.0,0.0,0.0,399187.252343208
2026-05-08,413997.12768584595,347086.1170831195,481829.522214995,346502.44630530995,481818.03521992086,0.0,0.0,0.0,0.0,0.0,0.0,399278.9881306531
2026-05-09,414088.86347329104,343888.7024962006,483831.95288158924,346258.1329690178,482390.9963211123,0.0,0.0,0.0,0.0,0.0,0.0,399370.7239180982
2026-05-10,414180.59926073614,346249.77896442346,485130.02502303483,345677.6708983608,482789.84908794245,0.0,0.0,0.0,0.0,0.0,0.0,399462.4597055433
2026-05-11,414272.33504818124,345225.0747605406,483286.6495441766,345062.3241771173,483481.00698299945,0.0,0.0,0.0,0.0,0.0,0.0,399554.1954929884
2026-05-12,414364.07083562633,342916.94486799405,484366.1209321102,344942.9405148945,484370.1212470353,0.0,0.0,0.0,0.0,0.0,0.0,399645.9312804335
2026-05-13,414455.80662307143,343984.46688618633,485285.86338887416,344353.7516589372,484963.25884126365,0.0,0.0,0.0,0.0,0.0,0.0,399737.6670678786
2026-05-14,414547.54241051653,345685.9700869829,486206.6835564344,344063.7071904773,485549.7671686461,0.0,0.0,0.0,0.0,0.0,0.0,399829.4028553237
2026-05-15,414639.2781979616,343882.33109789697,485713.95173957304,343773.6627220174,486281.427758557,0.0,0.0,0.0,0.0,0.0,0.0,399921.1386427688
2026-05-16,414731.0139854067,341564.87911163864,488494.913141494,343150.68770621,486799.94169951143,0.0,0.0,0.0,0.0,0.0,0.0,400012.8744302139
2026-05-17,414822.7497728518,342642.6467655913,485574.6882526568,342443.6284116245,487325.615802459,0.0,0.0,0.0,0.0,0.0,0.0,400104.610217659
2026-05-18,414914.4855602969,341591.92667395173,488629.21195855644,342117.58102934755,487932.2903203049,0.0,0.0,0.0,0.0,0.0,0.0,400196.3460051041
2026-05-19,415006.221347742,341969.20342395076,489768.432458696,341887.780581887,488525.94038542284,0.0,0.0,0.0,0.0,0.0,0.0,400288.0817925492
2026-05-20,415097.9571351871,342925.8318590007,491285.0892090236,341544.8716169768,489106.01517059514,0.0,0.0,0.0,0.0,0.0,0.0,400379.81757999427
2026-05-21,415189.69292263227,341563.23854720633,492251.81376688846,341404.7920548758,489748.9866510432,0.0,0.0,0.0,0.0,0.0,0.0,400471.5533674394
2026-05-22,415281.42871007737,339675.1941599354,491775.7449777979,340952.9193581509,490379.2272959193,0.0,0.0,0.0,0.0,0.0,0.0,400563.2891548845
2026-05-23,415373.16449752246,338837.98914450314,490859.4318276253,340820.7218185999,491039.85010739346,0.0,0.0,0.0,0.0,0.0,0.0,400655.0249423296
2026-05-24,415464.90028496756,339371.4399450866,493996.68343004474,340655.14138149447,491705.45078983373,0.0,0.0,0.0,0.0,0.0,0.0,400746.7607297747
2026-05-25,415556.63607241266,338856.0345274526,492739.87613467505,340242.7082003493,492371.05147227395,0.0,0.0,0.0,0.0,0.0,0.0,400838.4965172198
2026-05-26,415648.37185985775,339058.0381273949,493282.0825111189,339787.9113663855,493036.65215471416,0.0,0.0,0.0,0.0,0.0,0.0,400930.2323046649
2026-05-27,415740.10764730285,337183.88306439825,496809.3907496315,339467.85290971317,493653.68811486947,0.0,0.0,0.0,0.0,0.0,0.0,401021.96809211
2026-05-28,415831.84343474795,338275.2234069139,493655.1339004246,339225.05715757026,494338.8984455515,0.0,0.0,0.0,0.0,0.0,0.0,401113.7038795551
2026-05-29,415923.57922219305,337426.59105235914,495271.5165261942,338982.2614054274,495167.77315611654,0.0,0.0,0.0,0.0,0.0,0.0,401205.4396670002
2026-05-30,416015.31500963814,335181.7335197678,495789.8892251327,338739.4656532846,495699.0548844749,0.0,0.0,0.0,0.0,0.0,0.0,401297.1754544453
2026-05-31,416107.05079708324,337700.9762228722,500368.730642048,338490.6697884252,496364.65556691505,0.0,0.0,0.0,0.0,0.0,0.0,401388.9112418904
2026-06-01,416198.78658452834,337312.75986357953,499044.732741135,338209.02298825514,497030.25624935527,0.0,0.0,0.0,0.0,0.0,0.0,401480.6470293355
2026-06-02,416290.52237197343,335092.0007824561,500055.4601010594,337768.9846088723,497695.85693179554,0.0,0.0,0.0,0.0,0.0,0.0,401572.3828167806
2026-06-03,416382.25815941853,336109.29861988936,497651.9753521504,337328.9462294895,498357.4278903688,0.0,0.0,0.0,0.0,0.0,0.0,401664.1186042257
2026-06-04,416473.99394686375,336184.35011682886,501319.17964892776,336888.9078501067,498996.61312941526,0.0,0.0,0.0,0.0,0.0,0.0,401755.8543916709
2026-06-05,416565.7297343087,336005.7375652797,499557.42460343597,336129.12947820564,499635.79836846166,0.0,0.0,0.0,0.0,0.0,0.0,401847.5901791159
2026-06-06,416657.46552175394,334980.2909690316,500205.2835880445,335242.9985376867,500274.98360750824,0.0,0.0,0.0,0.0,0.0,0.0,401939.3259665611
2026-06-07,416749.2013091989,332663.74494141777,504752.94921106583,334386.8873110846,500914.16884655465,0.0,0.0,0.0,0.0,0.0,0.0,402031.0617540061
2026-06-08,416840.93709664413,334675.79126051243,502344.5110907733,333929.6509000327,501410.1519670189,0.0,0.0,0.0,0.0,0.0,0.0,402122.7975414513
2026-06-09,416932.6728840891,332549.70299649425,502733.74402562215,333586.1701643215,502177.1557634927,0.0,0.0,0.0,0.0,0.0,0.0,402214.5333288963
2026-06-10,417024.40867153433,333312.8791167633,503388.16224289883,333327.72193417646,502598.69020580396,0.0,0.0,0.0,0.0,0.0,0.0,402306.2691163415
2026-06-11,417116.1444589793,330198.5596143157,504245.7168781846,332956.6807307524,503281.9739139508,0.0,0.0,0.0,0.0,0.0,0.0,402398.00490378647
2026-06-12,417207.8802464245,331550.97142540343,504650.59275713254,332374.6148044484,504077.8130982083,0.0,0.0,0.0,0.0,0.0,0.0,402489.7406912317
2026-06-13,417299.61603386956,332097.6549288844,507202.6738439372,331676.0788517511,504865.50003538793,0.0,0.0,0.0,0.0,0.0,0.0,402581.4764786767
2026-06-14,417391.3518213147,330498.33862998843,506656.05785727146,331185.7159502063,505569.98856794386,0.0,0.0,0.0,0.0,0.0,0.0,402673.2122661219
2026-06-15,417483.08760875976,332723.2956801506,507702.5866326605,330647.32217687886,506369.3548504574,0.0,0.0,0.0,0.0,0.0,0.0,402764.9480535669
2026-06-16,417574.8233962049,332050.4010240906,509611.9336766216,330282.4971821213,507312.75694203563,0.0,0.0,0.0,0.0,0.0,0.0,402856.68384101207
2026-06-17,417666.55918364995,329396.1594050844,509902.1869013799,329840.9374200668,508147.2385400785,0.0,0.0,0.0,0.0,0.0,0.0,402948.4196284571
2026-06-18,417758.2949710951,328734.8779717188,510461.77107796737,329548.6350387025,508981.7201381216,0.0,0.0,0.0,0.0,0.0,0.0,403040.15541590226
2026-06-19,417850.03075854015,329439.247842223,510699.28893607616,329264.26316561,509746.88914649794,0.0,0.0,0.0,0.0,0.0,0.0,403131.8912033473
2026-06-20,417941.7665459853,329380.8003756364,510169.722647062,328880.357714225,510443.58999472775,0.0,0.0,0.0,0.0,0.0,0.0,403223.62699079246
2026-06-21,418033.5023334304,328480.31760567,511296.6074431035,328210.4841685955,511154.7250604004,0.0,0.0,0.0,0.0,0.0,0.0,403315.36277823756
2026-06-22,418125.2381208755,328483.70906837407,512249.5458338943,327633.45820862654,511949.7603488585,0.0,0.0,0.0,0.0,0.0,0.0,403407.09856568265
2026-06-23,418216.97390832065,329550.32246766373,511447.18765589426,327182.25111769326,512800.8254489723,0.0,0.0,0.0,0.0,0.0,0.0,403498.8343531278
2026-06-24,418308.70969576575,327733.52507178136,514982.0971841782,326856.2352863475,513602.36878855014,0.0,0.0,0.0,0.0,0.0,0.0,403590.5701405729
2026-06-25,418400.44548321085,326391.9357249093,514482.6454393471,326275.61668187566,514327.12028936186,0.0,0.0,0.0,0.0,0.0,0.0,403682.305928018
2026-06-26,418492.18127065594,326925.8120540205,514211.1934384947,325815.1803592192,515097.9224371425,0.0,0.0,0.0,0.0,0.0,0.0,403774.0417154631
2026-06-27,418583.91705810104,326375.49758088926,514059.64322754927,325354.46932368656,515868.72458492307,0.0,0.0,0.0,0.0,0.0,0.0,403865.7775029082
2026-06-28,418675.65284554614,326453.7545403141,515605.9833172972,324593.35256308626,516639.5267327038,0.0,0.0,0.0,0.0,0.0,0.0,403957.5132903533
2026-06-29,418767.38863299123,325698.42761305976,516882.29400878266,324324.17981571733,517410.32888048433,0.0,0.0,0.0,0.0,0.0,0.0,404049.2490777984
2026-06-30,418859.12442043633,322719.7126474436,517024.7577109057,324048.26199443,518181.131028265,0.0,0.0,0.0,0.0,0.0,0.0,404140.9848652435
2026-07-01,418950.86020788143,323467.0588889102,519550.4894396862,323816.5944969335,518951.93317604566,0.0,0.0,0.0,0.0,0.0,0.0,404232.7206526886
2026-07-02,419042.5959953265,323282.28395211865,519670.10610258713,323583.05235167965,519722.7353238262,0.0,0.0,0.0,0.0,0.0,0.0,404324.4564401337
2026-07-03,419134.3317827716,323174.1975667007,522477.67896392994,323363.384904928,520424.9079886631,0.0,0.0,0.0,0.0,0.0,0.0,404416.1922275788
2026-07-04,419226.0675702167,322014.79951456585,518622.25687153306,323339.329683651,520823.11664794304,0.0,0.0,0.0,0.0,0.0,0.0,404507.9280150239
2026-07-05,419317.8033576618,323968.03681371297,521290.10722805234,322986.10443439556,521172.6150982733,0.0,0.0,0.0,0.0,0.0,0.0,404599.663802469
2026-07-06,419409.5391451069,321777.7190848985,520687.38093269867,322482.6943145546,521513.86426825577,0.0,0.0,0.0,0.0,0.0,0.0,404691.3995899141
2026-07-07,419501.274932552,322771.90936339734,523220.54521835386,321997.84957646375,521865.08148162294,0.0,0.0,0.0,0.0,0.0,0.0,404783.13537735917
2026-07-08,419593.0107199971,322184.66035663633,522292.2687547165,321561.9323333752,522441.15858690103,0.0,0.0,0.0,0.0,0.0,0.0,404874.87116480427
2026-07-09,419684.7465074422,319727.1143120011,522132.23447439674,321260.8217383983,523300.77234967705,0.0,0.0,0.0,0.0,0.0,0.0,404966.60695224936
2026-07-10,419776.4822948873,320829.3102152189,523974.13197850843,320940.34666749416,524151.7414667103,0.0,0.0,0.0,0.0,0.0,0.0,405058.34273969446
2026-07-11,419868.2180823324,319346.5642647621,526283.4956901378,320570.3290416164,524935.7492665157,0.0,0.0,0.0,0.0,0.0,0.0,405150.07852713956
2026-07-12,419959.9538697775,320864.85978237673,526293.4790586925,320325.7824761346,525714.9594942358,0.0,0.0,0.0,0.0,0.0,0.0,405241.81431458466
2026-07-13,420051.6896572226,319419.7376428075,527442.6253967903,320019.72147057485,526494.1697219558,0.0,0.0,0.0,0.0,0.0,0.0,405333.55010202975
2026-07-14,420143.4254446677,319931.7595386112,528811.3706334792,319844.16878960683,527273.3799496758,0.0,0.0,0.0,0.0,0.0,0.0,405425.28588947485
2026-07-15,420235.16123211285,317158.70268027537,526619.8942987259,319490.60332979355,528052.5901773957,0.0,0.0,0.0,0.0,0.0,0.0,405517.02167692
2026-07-16,420326.89701955795,318578.29096695373,528665.8047881589,319086.9061059113,528806.1273123713,0.0,0.0,0.0,0.0,0.0,0.0,405608.7574643651
2026-07-17,420418.63280700304,318621.85121173394,529576.0424962043,318683.0146882657,529344.0188977885,0.0,0.0,0.0,0.0,0.0,0.0,405700.4932518102
2026-07-18,420510.36859444814,317719.08538194105,533640.2520061581,318279.12327062007,529881.9104832056,0.0,0.0,0.0,0.0,0.0,0.0,405792.2290392553
2026-07-19,420602.10438189324,318303.2825811964,530425.7496264452,317880.477446659,530408.6400077413,0.0,0.0,0.0,0.0,0.0,0.0,405883.9648267004
2026-07-20,420693.84016933833,316973.2337138533,532760.8182272675,317487.07721638243,530880.0955827415,0.0,0.0,0.0,0.0,0.0,0.0,405975.7006141455
2026-07-21,420785.57595678343,315993.27752477786,530745.7495558815,317097.36182950065,531351.5511577418,0.0,0.0,0.0,0.0,0.0,0.0,406067.4364015906
2026-07-22,420877.31174422853,316846.4730611321,534666.9476776227,316719.6170091491,531878.1207841069,0.0,0.0,0.0,0.0,0.0,0.0,406159.1721890357
2026-07-23,420969.0475316736,317880.9169851166,534904.1916266304,316251.682819747,532444.7202063197,0.0,0.0,0.0,0.0,0.0,0.0,406250.9079764808
2026-07-24,421060.7833191187,314274.6443077004,536054.0006949113,315695.0342076996,533289.6945640545,0.0,0.0,0.0,0.0,0.0,0.0,406342.6437639259
2026-07-25,421152.5191065638,314422.59246088855,535528.748593407,315387.3027081673,534394.0858006947,0.0,0.0,0.0,0.0,0.0,0.0,406434.379551371
2026-07-26,421244.2548940089,313872.91207213537,536305.0504473614,315195.9691032097,535896.0221937014,0.0,0.0,0.0,0.0,0.0,0.0,406526.1153388161
2026-07-27,421335.990681454,314395.12706142856,538661.7620005922,314893.6132560271,537397.9585867081,0.0,0.0,0.0,0.0,0.0,0.0,406617.8511262612
2026-07-28,421427.7264688991,313408.70487619116,538008.8326627838,314789.17081847886,538564.4012178094,0.0,0.0,0.0,0.0,0.0,0.0,406709.58691370627
2026-07-29,421519.4622563442,314365.9435757404,539829.4080784783,314626.6393727496,539384.0553657284,0.0,0.0,0.0,0.0,0.0,0.0,406801.32270115137
2026-07-30,421611.1980437893,313545.1507526595,541299.2554740341,314263.77390086214,540160.3375464932,0.0,0.0,0.0,0.0,0.0,0.0,406893.05848859646
2026-07-31,421702.9338312344,314459.5642369831,540812.1803443728,313900.9084289747,540719.2591679184,0.0,0.0,0.0,0.0,0.0,0.0,406984.79427604156
2026-08-01,421794.6696186795,310593.9358378646,541214.9288976147,313536.02404601406,541278.1807893435,0.0,0.0,0.0,0.0,0.0,0.0,407076.53006348666
2026-08-02,421886.4054061246,311738.98102700524,541571.7707469896,313169.1207519803,541839.5733323081,0.0,0.0,0.0,0.0,0.0,0.0,407168.26585093176
2026-08-03,421978.1411935697,312565.7899988699,543372.1795281717,312728.88178664114,542782.1210169065,0.0,0.0,0.0,0.0,0.0,0.0,407260.00163837685
2026-08-04,422069.8769810148,311250.1767981789,543572.5863463101,312435.3141639127,543745.7001072121,0.0,0.0,0.0,0.0,0.0,0.0,407351.73742582195
2026-08-05,422161.6127684599,310058.6286095376,541729.3117420651,312081.03001809196,544726.9564852092,0.0,0.0,0.0,0.0,0.0,0.0,407443.47321326705
2026-08-06,422253.348555905,310962.0638735592,545196.296663488,311749.91661120177,545708.2128632063,0.0,0.0,0.0,0.0,0.0,0.0,407535.20900071214
2026-08-07,422345.08434335014,309708.32583855913,546559.0618900218,311391.1192748792,546689.4692412034,0.0,0.0,0.0,0.0,0.0,0.0,407626.9447881573
2026-08-08,422436.82013079524,310155.86978885136,548395.0303964361,310949.31020526815,547670.7256192005,0.0,0.0,0.0,0.0,0.0,0.0,407718.6805756024
2026-08-09,422528.55591824034,309214.34152571484,547914.7883791372,310527.5258275341,548651.9819971975,0.0,0.0,0.0,0.0,0.0,0.0,407810.4163630475
2026-08-10,422620.29170568543,308523.3151618287,549341.5081984559,310018.80263653933,549579.2519921362,0.0,0.0,0.0,0.0,0.0,0.0,407902.1521504926
2026-08-11,422712.02749313053,306529.35223501374,550060.1653764106,309525.234256777,550467.3537393102,0.0,0.0,0.0,0.0,0.0,0.0,407993.8879379377
2026-08-12,422803.76328057563,308367.30957608344,549167.4971655749,309052.61132216605,551274.5466881563,0.0,0.0,0.0,0.0,0.0,0.0,408085.6237253828
2026-08-13,422895.4990680207,305249.5220780075,554619.6298441158,308588.13671780715,552198.7460443376,0.0,0.0,0.0,0.0,0.0,0.0,408177.3595128279
2026-08-14,422987.2348554658,305265.5197500095,551442.1002888907,308118.57820559223,552906.3778129618,0.0,0.0,0.0,0.0,0.0,0.0,408269.095300273
2026-08-15,423078.9706429109,305330.67688377266,553194.6327673949,307500.23016150645,553208.3114432242,0.0,0.0,0.0,0.0,0.0,0.0,408360.8310877181
2026-08-16,423170.706430356,307670.75407708564,554489.4460668594,306923.9562705061,553715.7372259157,0.0,0.0,0.0,0.0,0.0,0.0,408452.5668751632
2026-08-17,423262.4422178011,307347.2561549279,555238.060914947,306402.10148933047,554634.7222572918,0.0,0.0,0.0,0.0,0.0,0.0,408544.3026626083
2026-08-18,423354.1780052462,304491.0307040076,555608.6353452496,305885.12257377396,555999.0047299872,0.0,0.0,0.0,0.0,0.0,0.0,408636.03845005337
2026-08-19,423445.9137926913,304383.79025348165,558630.9009748598,305362.44447589124,557363.2872026826,0.0,0.0,0.0,0.0,0.0,0.0,408727.77423749847
2026-08-20,423537.6495801364,304729.2357436122,557928.0152233919,304843.2913939902,558380.4658550102,0.0,0.0,0.0,0.0,0.0,0.0,408819.51002494356
2026-08-21,423629.3853675815,303070.1443534477,558794.4493330371,304324.1383120892,559281.7628165453,0.0,0.0,0.0,0.0,0.0,0.0,408911.24581238866
2026-08-22,423721.1211550266,303188.1682160625,562157.3288571091,303811.8553094527,560166.7921458626,0.0,0.0,0.0,0.0,0.0,0.0,409002.98159983376
2026-08-23,423812.8569424717,303122.879388014,559737.8797042056,303325.83169020264,561051.8214751796,0.0,0.0,0.0,0.0,0.0,0.0,409094.71738727886
2026-08-24,423904.5927299168,300186.70525320293,561386.4356297101,302857.1149244369,561936.8508044968,0.0,0.0,0.0,0.0,0.0,0.0,409186.45317472395
2026-08-25,423996.3285173619,304477.04491954227,560849.3462737704,302388.3981586713,562821.880133814,0.0,0.0,0.0,0.0,0.0,0.0,409278.18896216905
2026-08-26,424088.064304807,302405.9176116985,561677.9502688646,301919.6813929056,563706.909463131,0.0,0.0,0.0,0.0,0.0,0.0,409369.92474961415
2026-08-27,424179.8000922521,299613.3445777735,564558.0125962847,301440.4855779825,564591.9387924483,0.0,0.0,0.0,0.0,0.0,0.0,409461.66053705924
2026-08-28,424271.5358796972,301445.8550134165,564399.6210786118,301063.31847298646,565475.7450821401,0.0,0.0,0.0,0.0,0.0,0.0,409553.39632450434
2026-08-29,424363.27166714234,299487.2116415218,569075.6397491647,300643.1105551031,566682.8339017156,0.0,0.0,0.0,0.0,0.0,0.0,409645.1321119495
2026-08-30,424455.00745458744,297530.6362926668,566563.6426907287,300017.64916280564,567287.4044914208,0.0,0.0,0.0,0.0,0.0,0.0,409736.8678993946
2026-08-31,424546.74324203253,299100.91954967164,566255.9135305596,299652.85081052955,567916.3321003036,0.0,0.0,0.0,0.0,0.0,0.0,409828.6036868397
2026-09-01,424638.4790294777,296616.1900449234,568845.7940579535,299337.8987874413,568318.9191413753,0.0,0.0,0.0,0.0,0.0,0.0,409920.33947428485
2026-09-02,424730.21481692273,297956.0451088241,569835.0926375724,298885.695152467,569017.3355495394,0.0,0.0,0.0,0.0,0.0,0.0,410012.0752617299
2026-09-03,424821.9506043679,299248.4868262329,572302.7689285706,298549.2502061524,570108.6254751798,0.0,0.0,0.0,0.0,0.0,0.0,410103.81104917504
2026-09-04,424913.6863918129,296576.6352348046,571242.9976581992,298212.8052598376,571199.91540082,0.0,0.0,0.0,0.0,0.0,0.0,410195.5468366201
2026-09-05,425005.4221792581,297560.1442774999,572330.2092224446,297905.28626327735,572291.2053264605,0.0,0.0,0.0,0.0,0.0,0.0,410287.28262406524
2026-09-06,425097.1579667031,297187.66708509636,572762.0066567577,297437.8441488977,573390.9457354392,0.0,0.0,0.0,0.0,0.0,0.0,410379.0184115103
2026-09-07,425188.8937541483,297848.9814200079,575448.1202918048,296833.80346936814,574549.0150643529,0.0,0.0,0.0,0.0,0.0,0.0,410470.75419895543
2026-09-08,425280.6295415934,293508.12248050305,573608.8208563969,296235.8066238714,575700.2116117227,0.0,0.0,0.0,0.0,0.0,0.0,410562.4899864005
2026-09-09,425372.3653290385,292730.2329482881,575602.5677675516,295637.8097783746,576787.412492442,0.0,0.0,0.0,0.0,0.0,0.0,410654.2257738457
2026-09-10,425464.1011164836,294865.1397891988,576621.2588914391,295039.8129328779,577852.4742221003,0.0,0.0,0.0,0.0,0.0,0.0,410745.9615612908
2026-09-11,425555.8369039287,294652.53429316654,577348.7965403148,294017.8184773372,578529.2471011123,0.0,0.0,0.0,0.0,0.0,0.0,410837.6973487359
2026-09-12,425647.5726913738,294430.92325258115,577920.3628329244,293494.8805850653,579202.2896899211,0.0,0.0,0.0,0.0,0.0,0.0,410929.433136181
2026-09-13,425739.3084788189,290878.7359195842,579477.0493422608,293215.7613980824,579863.9714425816,0.0,0.0,0.0,0.0,0.0,0.0,411021.1689236261
2026-09-14,425831.044266264,291986.77862273046,580551.3753487472,292692.41557448107,580322.2142639523,0.0,0.0,0.0,0.0,0.0,0.0,411112.90471107117
2026-09-15,425922.7800537091,292854.9009187364,580986.0180601305,292184.931117084,580696.058317076,0.0,0.0,0.0,0.0,0.0,0.0,411204.64049851627
2026-09-16,426014.5158411542,289950.105827286,580483.7225645668,291961.5545512837,580969.0862391397,0.0,0.0,0.0,0.0,0.0,0.0,411296.37628596136
2026-09-17,426106.2516285993,290439.04368859075,583428.4559250955,291737.49671569606,581240.7230226707,0.0,0.0,0.0,0.0,0.0,0.0,411388.11207340646
2026-09-18,426197.9874160444,289652.1611521913,583174.8272705373,290896.3957444627,582110.4242480794,0.0,0.0,0.0,0.0,0.0,0.0,411479.84786085156
2026-09-19,426289.7232034895,290924.69249771116,581652.7177567926,289771.18817635527,582831.7493611863,0.0,0.0,0.0,0.0,0.0,0.0,411571.58364829666
2026-09-20,426381.4589909346,290649.0704953759,583723.3200457564,289485.9095355962,583405.5057143205,0.0,0.0,0.0,0.0,0.0,0.0,411663.31943574175
2026-09-21,426473.1947783797,289274.66399984877,584915.480908174,289200.63089483714,583979.2620674548,0.0,0.0,0.0,0.0,0.0,0.0,411755.05522318685
2026-09-22,426564.9305658248,288154.7477567197,585179.4372427324,288891.20724879,584581.8870454875,0.0,0.0,0.0,0.0,0.0,0.0,411846.79101063195
2026-09-23,426656.6663532699,288333.83860523865,585294.6794819243,288229.24293031864,585336.0752485087,0.0,0.0,0.0,0.0,0.0,0.0,411938.52679807704
2026-09-24,426748.402140715,289635.5498058039,588048.0187832762,287567.27861184726,586494.4019250879,0.0,0.0,0.0,0.0,0.0,0.0,412030.26258552214
2026-09-25,426840.1379281601,287208.9152850522,587829.851456668,287128.8645627395,587449.2690945044,0.0,0.0,0.0,0.0,0.0,0.0,412121.99837296724
